script_name: ostrack.py  config_name: lasher.yaml
New configuration is shown below.
MODEL configuration: {'PRETRAIN_FILE': '/20TB/yanchengzhi/jinjiandong/Tracking/Neuro_Unaligned_1027/DropTrack_k700_800E_alldata.pth.tar', 'STAGE1_FILE': '/20TB/yanchengzhi/jinjiandong/Tracking/LasHeR_pretrained.tar', 'EXTRA_MERGER': False, 'RETURN_INTER': False, 'RETURN_STAGES': [], 'BACKBONE': {'TYPE': 'vit_base_patch16_224_ce_adapter', 'STRIDE': 16, 'MID_PE': False, 'SEP_SEG': False, 'CAT_MODE': 'direct', 'MERGE_LAYER': 0, 'ADD_CLS_TOKEN': False, 'CLS_TOKEN_USE_MODE': 'ignore', 'CE_LOC': [3, 6, 9], 'CE_KEEP_RATIO': [1, 1, 1], 'CE_TEMPLATE_RANGE': 'CTR_POINT'}, 'HEAD': {'TYPE': 'CENTER', 'NUM_CHANNELS': 256}}


TRAIN configuration: {'PROMPT': {'TYPE': 'ostrack_mm'}, 'LR': 0.0001, 'WEIGHT_DECAY': 0.001, 'EPOCH': 60, 'LR_DROP_EPOCH': 48, 'BATCH_SIZE': 2, 'NUM_WORKER': 32, 'OPTIMIZER': 'ADAMW', 'BACKBONE_MULTIPLIER': 0.1, 'GIOU_WEIGHT': 2.0, 'L1_WEIGHT': 5.0, 'FREEZE_LAYERS': [0], 'PRINT_INTERVAL': 50, 'VAL_EPOCH_INTERVAL': 5, 'GRAD_CLIP_NORM': 0.1, 'AMP': False, 'EXPERT_INDEX': 0, 'BIAS_MIN': 0, 'BIAS_MAX': 15, 'FIX_BN': True, 'SAVE_EPOCH_INTERVAL': 1, 'SAVE_LAST_N_EPOCH': 1, 'CE_START_EPOCH': 4, 'CE_WARM_EPOCH': 16, 'DROP_PATH_RATE': 0.1, 'SCHEDULER': {'TYPE': 'step', 'DECAY_RATE': 0.1}}


DATA configuration: {'PREALIGN': True, 'SAMPLER_MODE': 'causal', 'MEAN': [0.485, 0.456, 0.406], 'STD': [0.229, 0.224, 0.225], 'MAX_SAMPLE_INTERVAL': 200, 'TRAIN': {'DATASETS_NAME': ['LasHeR_Unaligned'], 'DATASETS_RATIO': [1], 'SAMPLE_PER_EPOCH': 60000, 'BIAS_RANGE_MIN': 90, 'BIAS_RANGE_MAX': 100}, 'VAL': {'DATASETS_NAME': ['LasHeR_Unaligned_Test'], 'DATASETS_RATIO': [1], 'SAMPLE_PER_EPOCH': 16000}, 'SEARCH': {'SIZE': 256, 'FACTOR': 4.0, 'CENTER_JITTER': 3, 'SCALE_JITTER': 0.25, 'NUMBER': 1}, 'TEMPLATE': {'NUMBER': 1, 'SIZE': 128, 'FACTOR': 2.0, 'CENTER_JITTER': 0, 'SCALE_JITTER': 0}}


TEST configuration: {'TEMPLATE_FACTOR': 2.0, 'TEMPLATE_SIZE': 128, 'SEARCH_FACTOR': 4.0, 'SEARCH_SIZE': 256, 'EPOCH': 60}


sampler_mode causal
Using The Weights of DropMAE
Resized position embedding from size:torch.Size([1, 768]) to new token with height:16 width: 16
Resized position embedding from size:torch.Size([1, 768]) to new token with height:8 width: 8
Resized position embedding from size:torch.Size([144, 768]) to new token with height:8 width: 8
Resized position embedding from size:torch.Size([576, 768]) to new token with height:16 width: 16
Load pretrained model from: /20TB/yanchengzhi/jinjiandong/Tracking/Neuro_Unaligned_1027/DropTrack_k700_800E_alldata.pth.tar
Load pretrained model from: /20TB/yanchengzhi/jinjiandong/Tracking/LasHeR_pretrained.tar
Missing Keys: ----backbone.interaction_layers_v2i.0.delta_scale----
Missing Keys: ----backbone.interaction_layers_v2i.0.offset_mlp.weight----
Missing Keys: ----backbone.interaction_layers_v2i.0.offset_mlp.bias----
Missing Keys: ----backbone.interaction_layers_v2i.0.attn_mlp.weight----
Missing Keys: ----backbone.interaction_layers_v2i.0.attn_mlp.bias----
Missing Keys: ----backbone.interaction_layers_v2i.0.v_proj.weight----
Missing Keys: ----backbone.interaction_layers_v2i.0.v_proj.bias----
Missing Keys: ----backbone.interaction_layers_v2i.0.out_proj.weight----
Missing Keys: ----backbone.interaction_layers_v2i.0.out_proj.bias----
Missing Keys: ----backbone.interaction_layers_v2i.1.delta_scale----
Missing Keys: ----backbone.interaction_layers_v2i.1.offset_mlp.weight----
Missing Keys: ----backbone.interaction_layers_v2i.1.offset_mlp.bias----
Missing Keys: ----backbone.interaction_layers_v2i.1.attn_mlp.weight----
Missing Keys: ----backbone.interaction_layers_v2i.1.attn_mlp.bias----
Missing Keys: ----backbone.interaction_layers_v2i.1.v_proj.weight----
Missing Keys: ----backbone.interaction_layers_v2i.1.v_proj.bias----
Missing Keys: ----backbone.interaction_layers_v2i.1.out_proj.weight----
Missing Keys: ----backbone.interaction_layers_v2i.1.out_proj.bias----
Missing Keys: ----backbone.interaction_layers_v2i.2.delta_scale----
Missing Keys: ----backbone.interaction_layers_v2i.2.offset_mlp.weight----
Missing Keys: ----backbone.interaction_layers_v2i.2.offset_mlp.bias----
Missing Keys: ----backbone.interaction_layers_v2i.2.attn_mlp.weight----
Missing Keys: ----backbone.interaction_layers_v2i.2.attn_mlp.bias----
Missing Keys: ----backbone.interaction_layers_v2i.2.v_proj.weight----
Missing Keys: ----backbone.interaction_layers_v2i.2.v_proj.bias----
Missing Keys: ----backbone.interaction_layers_v2i.2.out_proj.weight----
Missing Keys: ----backbone.interaction_layers_v2i.2.out_proj.bias----
Missing Keys: ----backbone.interaction_layers_i2v.0.delta_scale----
Missing Keys: ----backbone.interaction_layers_i2v.0.offset_mlp.weight----
Missing Keys: ----backbone.interaction_layers_i2v.0.offset_mlp.bias----
Missing Keys: ----backbone.interaction_layers_i2v.0.attn_mlp.weight----
Missing Keys: ----backbone.interaction_layers_i2v.0.attn_mlp.bias----
Missing Keys: ----backbone.interaction_layers_i2v.0.v_proj.weight----
Missing Keys: ----backbone.interaction_layers_i2v.0.v_proj.bias----
Missing Keys: ----backbone.interaction_layers_i2v.0.out_proj.weight----
Missing Keys: ----backbone.interaction_layers_i2v.0.out_proj.bias----
Missing Keys: ----backbone.interaction_layers_i2v.1.delta_scale----
Missing Keys: ----backbone.interaction_layers_i2v.1.offset_mlp.weight----
Missing Keys: ----backbone.interaction_layers_i2v.1.offset_mlp.bias----
Missing Keys: ----backbone.interaction_layers_i2v.1.attn_mlp.weight----
Missing Keys: ----backbone.interaction_layers_i2v.1.attn_mlp.bias----
Missing Keys: ----backbone.interaction_layers_i2v.1.v_proj.weight----
Missing Keys: ----backbone.interaction_layers_i2v.1.v_proj.bias----
Missing Keys: ----backbone.interaction_layers_i2v.1.out_proj.weight----
Missing Keys: ----backbone.interaction_layers_i2v.1.out_proj.bias----
Missing Keys: ----backbone.interaction_layers_i2v.2.delta_scale----
Missing Keys: ----backbone.interaction_layers_i2v.2.offset_mlp.weight----
Missing Keys: ----backbone.interaction_layers_i2v.2.offset_mlp.bias----
Missing Keys: ----backbone.interaction_layers_i2v.2.attn_mlp.weight----
Missing Keys: ----backbone.interaction_layers_i2v.2.attn_mlp.bias----
Missing Keys: ----backbone.interaction_layers_i2v.2.v_proj.weight----
Missing Keys: ----backbone.interaction_layers_i2v.2.v_proj.bias----
Missing Keys: ----backbone.interaction_layers_i2v.2.out_proj.weight----
Missing Keys: ----backbone.interaction_layers_i2v.2.out_proj.bias----
Missing Keys: ----backbone.neuro_net.0.branch_costs----
Missing Keys: ----backbone.neuro_net.0.shift_net.rgb_proj.0.weight----
Missing Keys: ----backbone.neuro_net.0.shift_net.rgb_proj.0.bias----
Missing Keys: ----backbone.neuro_net.0.shift_net.rgb_proj.2.weight----
Missing Keys: ----backbone.neuro_net.0.shift_net.rgb_proj.2.bias----
Missing Keys: ----backbone.neuro_net.0.shift_net.tir_proj.0.weight----
Missing Keys: ----backbone.neuro_net.0.shift_net.tir_proj.0.bias----
Missing Keys: ----backbone.neuro_net.0.shift_net.tir_proj.2.weight----
Missing Keys: ----backbone.neuro_net.0.shift_net.tir_proj.2.bias----
Missing Keys: ----backbone.neuro_net.0.shift_net.norm1.weight----
Missing Keys: ----backbone.neuro_net.0.shift_net.norm1.bias----
Missing Keys: ----backbone.neuro_net.0.shift_net.refiner.0.weight----
Missing Keys: ----backbone.neuro_net.0.shift_net.refiner.0.bias----
Missing Keys: ----backbone.neuro_net.0.shift_net.refiner.2.weight----
Missing Keys: ----backbone.neuro_net.0.shift_net.refiner.2.bias----
Missing Keys: ----backbone.neuro_net.0.shift_net.refiner.6.weight----
Missing Keys: ----backbone.neuro_net.0.shift_net.refiner.6.bias----
Missing Keys: ----backbone.neuro_net.0.scale_net.alpha1----
Missing Keys: ----backbone.neuro_net.0.scale_net.alpha2----
Missing Keys: ----backbone.neuro_net.0.scale_net.rgb_proj.weight----
Missing Keys: ----backbone.neuro_net.0.scale_net.tir_proj.weight----
Missing Keys: ----backbone.neuro_net.0.scale_net.band_gate_rgb.mlp.0.weight----
Missing Keys: ----backbone.neuro_net.0.scale_net.band_gate_rgb.mlp.0.bias----
Missing Keys: ----backbone.neuro_net.0.scale_net.band_gate_rgb.mlp.2.weight----
Missing Keys: ----backbone.neuro_net.0.scale_net.band_gate_rgb.mlp.2.bias----
Missing Keys: ----backbone.neuro_net.0.scale_net.band_gate_tir.mlp.0.weight----
Missing Keys: ----backbone.neuro_net.0.scale_net.band_gate_tir.mlp.0.bias----
Missing Keys: ----backbone.neuro_net.0.scale_net.band_gate_tir.mlp.2.weight----
Missing Keys: ----backbone.neuro_net.0.scale_net.band_gate_tir.mlp.2.bias----
Missing Keys: ----backbone.neuro_net.0.scale_net.norm1.weight----
Missing Keys: ----backbone.neuro_net.0.scale_net.norm1.bias----
Missing Keys: ----backbone.neuro_net.0.scale_net.conv_head.blocks.0.0.weight----
Missing Keys: ----backbone.neuro_net.0.scale_net.conv_head.blocks.0.0.bias----
Missing Keys: ----backbone.neuro_net.0.scale_net.conv_head.blocks.0.2.weight----
Missing Keys: ----backbone.neuro_net.0.scale_net.conv_head.blocks.0.2.bias----
Missing Keys: ----backbone.neuro_net.0.scale_net.conv_head.blocks.1.0.weight----
Missing Keys: ----backbone.neuro_net.0.scale_net.conv_head.blocks.1.0.bias----
Missing Keys: ----backbone.neuro_net.0.scale_net.conv_head.blocks.1.2.weight----
Missing Keys: ----backbone.neuro_net.0.scale_net.conv_head.blocks.1.2.bias----
Missing Keys: ----backbone.neuro_net.0.scale_net.conv_head.blocks.2.0.weight----
Missing Keys: ----backbone.neuro_net.0.scale_net.conv_head.blocks.2.0.bias----
Missing Keys: ----backbone.neuro_net.0.scale_net.conv_head.blocks.2.2.weight----
Missing Keys: ----backbone.neuro_net.0.scale_net.conv_head.blocks.2.2.bias----
Missing Keys: ----backbone.neuro_net.0.scale_net.conv_head.fuse.0.weight----
Missing Keys: ----backbone.neuro_net.0.scale_net.conv_head.fuse.0.bias----
Missing Keys: ----backbone.neuro_net.0.scale_net.conv_head.head.weight----
Missing Keys: ----backbone.neuro_net.0.scale_net.conv_head.head.bias----
Missing Keys: ----backbone.neuro_net.0.warp_net.backbone.enc_blocks.0.pw1.conv.weight----
Missing Keys: ----backbone.neuro_net.0.warp_net.backbone.enc_blocks.0.pw1.bn.weight----
Missing Keys: ----backbone.neuro_net.0.warp_net.backbone.enc_blocks.0.pw1.bn.bias----
Missing Keys: ----backbone.neuro_net.0.warp_net.backbone.enc_blocks.0.pw1.bn.running_mean----
Missing Keys: ----backbone.neuro_net.0.warp_net.backbone.enc_blocks.0.pw1.bn.running_var----
Missing Keys: ----backbone.neuro_net.0.warp_net.backbone.enc_blocks.0.dw_chain.0.conv.weight----
Missing Keys: ----backbone.neuro_net.0.warp_net.backbone.enc_blocks.0.dw_chain.0.bn.weight----
Missing Keys: ----backbone.neuro_net.0.warp_net.backbone.enc_blocks.0.dw_chain.0.bn.bias----
Missing Keys: ----backbone.neuro_net.0.warp_net.backbone.enc_blocks.0.dw_chain.0.bn.running_mean----
Missing Keys: ----backbone.neuro_net.0.warp_net.backbone.enc_blocks.0.dw_chain.0.bn.running_var----
Missing Keys: ----backbone.neuro_net.0.warp_net.backbone.enc_blocks.0.dw_chain.1.conv.weight----
Missing Keys: ----backbone.neuro_net.0.warp_net.backbone.enc_blocks.0.dw_chain.1.bn.weight----
Missing Keys: ----backbone.neuro_net.0.warp_net.backbone.enc_blocks.0.dw_chain.1.bn.bias----
Missing Keys: ----backbone.neuro_net.0.warp_net.backbone.enc_blocks.0.dw_chain.1.bn.running_mean----
Missing Keys: ----backbone.neuro_net.0.warp_net.backbone.enc_blocks.0.dw_chain.1.bn.running_var----
Missing Keys: ----backbone.neuro_net.0.warp_net.backbone.enc_blocks.0.dw_chain.2.conv.weight----
Missing Keys: ----backbone.neuro_net.0.warp_net.backbone.enc_blocks.0.dw_chain.2.bn.weight----
Missing Keys: ----backbone.neuro_net.0.warp_net.backbone.enc_blocks.0.dw_chain.2.bn.bias----
Missing Keys: ----backbone.neuro_net.0.warp_net.backbone.enc_blocks.0.dw_chain.2.bn.running_mean----
Missing Keys: ----backbone.neuro_net.0.warp_net.backbone.enc_blocks.0.dw_chain.2.bn.running_var----
Missing Keys: ----backbone.neuro_net.0.warp_net.backbone.enc_blocks.0.dw_chain.3.conv.weight----
Missing Keys: ----backbone.neuro_net.0.warp_net.backbone.enc_blocks.0.dw_chain.3.bn.weight----
Missing Keys: ----backbone.neuro_net.0.warp_net.backbone.enc_blocks.0.dw_chain.3.bn.bias----
Missing Keys: ----backbone.neuro_net.0.warp_net.backbone.enc_blocks.0.dw_chain.3.bn.running_mean----
Missing Keys: ----backbone.neuro_net.0.warp_net.backbone.enc_blocks.0.dw_chain.3.bn.running_var----
Missing Keys: ----backbone.neuro_net.0.warp_net.backbone.enc_blocks.0.dw_chain.4.conv.weight----
Missing Keys: ----backbone.neuro_net.0.warp_net.backbone.enc_blocks.0.dw_chain.4.bn.weight----
Missing Keys: ----backbone.neuro_net.0.warp_net.backbone.enc_blocks.0.dw_chain.4.bn.bias----
Missing Keys: ----backbone.neuro_net.0.warp_net.backbone.enc_blocks.0.dw_chain.4.bn.running_mean----
Missing Keys: ----backbone.neuro_net.0.warp_net.backbone.enc_blocks.0.dw_chain.4.bn.running_var----
Missing Keys: ----backbone.neuro_net.0.warp_net.backbone.enc_blocks.0.dw_chain.5.conv.weight----
Missing Keys: ----backbone.neuro_net.0.warp_net.backbone.enc_blocks.0.dw_chain.5.bn.weight----
Missing Keys: ----backbone.neuro_net.0.warp_net.backbone.enc_blocks.0.dw_chain.5.bn.bias----
Missing Keys: ----backbone.neuro_net.0.warp_net.backbone.enc_blocks.0.dw_chain.5.bn.running_mean----
Missing Keys: ----backbone.neuro_net.0.warp_net.backbone.enc_blocks.0.dw_chain.5.bn.running_var----
Missing Keys: ----backbone.neuro_net.0.warp_net.backbone.enc_blocks.0.dw_chain.6.conv.weight----
Missing Keys: ----backbone.neuro_net.0.warp_net.backbone.enc_blocks.0.dw_chain.6.bn.weight----
Missing Keys: ----backbone.neuro_net.0.warp_net.backbone.enc_blocks.0.dw_chain.6.bn.bias----
Missing Keys: ----backbone.neuro_net.0.warp_net.backbone.enc_blocks.0.dw_chain.6.bn.running_mean----
Missing Keys: ----backbone.neuro_net.0.warp_net.backbone.enc_blocks.0.dw_chain.6.bn.running_var----
Missing Keys: ----backbone.neuro_net.0.warp_net.backbone.enc_blocks.0.pw2.conv.weight----
Missing Keys: ----backbone.neuro_net.0.warp_net.backbone.enc_blocks.0.pw2.bn.weight----
Missing Keys: ----backbone.neuro_net.0.warp_net.backbone.enc_blocks.0.pw2.bn.bias----
Missing Keys: ----backbone.neuro_net.0.warp_net.backbone.enc_blocks.0.pw2.bn.running_mean----
Missing Keys: ----backbone.neuro_net.0.warp_net.backbone.enc_blocks.0.pw2.bn.running_var----
Missing Keys: ----backbone.neuro_net.0.warp_net.backbone.enc_blocks.1.pw1.conv.weight----
Missing Keys: ----backbone.neuro_net.0.warp_net.backbone.enc_blocks.1.pw1.bn.weight----
Missing Keys: ----backbone.neuro_net.0.warp_net.backbone.enc_blocks.1.pw1.bn.bias----
Missing Keys: ----backbone.neuro_net.0.warp_net.backbone.enc_blocks.1.pw1.bn.running_mean----
Missing Keys: ----backbone.neuro_net.0.warp_net.backbone.enc_blocks.1.pw1.bn.running_var----
Missing Keys: ----backbone.neuro_net.0.warp_net.backbone.enc_blocks.1.dw_chain.0.conv.weight----
Missing Keys: ----backbone.neuro_net.0.warp_net.backbone.enc_blocks.1.dw_chain.0.bn.weight----
Missing Keys: ----backbone.neuro_net.0.warp_net.backbone.enc_blocks.1.dw_chain.0.bn.bias----
Missing Keys: ----backbone.neuro_net.0.warp_net.backbone.enc_blocks.1.dw_chain.0.bn.running_mean----
Missing Keys: ----backbone.neuro_net.0.warp_net.backbone.enc_blocks.1.dw_chain.0.bn.running_var----
Missing Keys: ----backbone.neuro_net.0.warp_net.backbone.enc_blocks.1.dw_chain.1.conv.weight----
Missing Keys: ----backbone.neuro_net.0.warp_net.backbone.enc_blocks.1.dw_chain.1.bn.weight----
Missing Keys: ----backbone.neuro_net.0.warp_net.backbone.enc_blocks.1.dw_chain.1.bn.bias----
Missing Keys: ----backbone.neuro_net.0.warp_net.backbone.enc_blocks.1.dw_chain.1.bn.running_mean----
Missing Keys: ----backbone.neuro_net.0.warp_net.backbone.enc_blocks.1.dw_chain.1.bn.running_var----
Missing Keys: ----backbone.neuro_net.0.warp_net.backbone.enc_blocks.1.dw_chain.2.conv.weight----
Missing Keys: ----backbone.neuro_net.0.warp_net.backbone.enc_blocks.1.dw_chain.2.bn.weight----
Missing Keys: ----backbone.neuro_net.0.warp_net.backbone.enc_blocks.1.dw_chain.2.bn.bias----
Missing Keys: ----backbone.neuro_net.0.warp_net.backbone.enc_blocks.1.dw_chain.2.bn.running_mean----
Missing Keys: ----backbone.neuro_net.0.warp_net.backbone.enc_blocks.1.dw_chain.2.bn.running_var----
Missing Keys: ----backbone.neuro_net.0.warp_net.backbone.enc_blocks.1.dw_chain.3.conv.weight----
Missing Keys: ----backbone.neuro_net.0.warp_net.backbone.enc_blocks.1.dw_chain.3.bn.weight----
Missing Keys: ----backbone.neuro_net.0.warp_net.backbone.enc_blocks.1.dw_chain.3.bn.bias----
Missing Keys: ----backbone.neuro_net.0.warp_net.backbone.enc_blocks.1.dw_chain.3.bn.running_mean----
Missing Keys: ----backbone.neuro_net.0.warp_net.backbone.enc_blocks.1.dw_chain.3.bn.running_var----
Missing Keys: ----backbone.neuro_net.0.warp_net.backbone.enc_blocks.1.dw_chain.4.conv.weight----
Missing Keys: ----backbone.neuro_net.0.warp_net.backbone.enc_blocks.1.dw_chain.4.bn.weight----
Missing Keys: ----backbone.neuro_net.0.warp_net.backbone.enc_blocks.1.dw_chain.4.bn.bias----
Missing Keys: ----backbone.neuro_net.0.warp_net.backbone.enc_blocks.1.dw_chain.4.bn.running_mean----
Missing Keys: ----backbone.neuro_net.0.warp_net.backbone.enc_blocks.1.dw_chain.4.bn.running_var----
Missing Keys: ----backbone.neuro_net.0.warp_net.backbone.enc_blocks.1.dw_chain.5.conv.weight----
Missing Keys: ----backbone.neuro_net.0.warp_net.backbone.enc_blocks.1.dw_chain.5.bn.weight----
Missing Keys: ----backbone.neuro_net.0.warp_net.backbone.enc_blocks.1.dw_chain.5.bn.bias----
Missing Keys: ----backbone.neuro_net.0.warp_net.backbone.enc_blocks.1.dw_chain.5.bn.running_mean----
Missing Keys: ----backbone.neuro_net.0.warp_net.backbone.enc_blocks.1.dw_chain.5.bn.running_var----
Missing Keys: ----backbone.neuro_net.0.warp_net.backbone.enc_blocks.1.dw_chain.6.conv.weight----
Missing Keys: ----backbone.neuro_net.0.warp_net.backbone.enc_blocks.1.dw_chain.6.bn.weight----
Missing Keys: ----backbone.neuro_net.0.warp_net.backbone.enc_blocks.1.dw_chain.6.bn.bias----
Missing Keys: ----backbone.neuro_net.0.warp_net.backbone.enc_blocks.1.dw_chain.6.bn.running_mean----
Missing Keys: ----backbone.neuro_net.0.warp_net.backbone.enc_blocks.1.dw_chain.6.bn.running_var----
Missing Keys: ----backbone.neuro_net.0.warp_net.backbone.enc_blocks.1.pw2.conv.weight----
Missing Keys: ----backbone.neuro_net.0.warp_net.backbone.enc_blocks.1.pw2.bn.weight----
Missing Keys: ----backbone.neuro_net.0.warp_net.backbone.enc_blocks.1.pw2.bn.bias----
Missing Keys: ----backbone.neuro_net.0.warp_net.backbone.enc_blocks.1.pw2.bn.running_mean----
Missing Keys: ----backbone.neuro_net.0.warp_net.backbone.enc_blocks.1.pw2.bn.running_var----
Missing Keys: ----backbone.neuro_net.0.warp_net.backbone.enc_blocks.2.pw1.conv.weight----
Missing Keys: ----backbone.neuro_net.0.warp_net.backbone.enc_blocks.2.pw1.bn.weight----
Missing Keys: ----backbone.neuro_net.0.warp_net.backbone.enc_blocks.2.pw1.bn.bias----
Missing Keys: ----backbone.neuro_net.0.warp_net.backbone.enc_blocks.2.pw1.bn.running_mean----
Missing Keys: ----backbone.neuro_net.0.warp_net.backbone.enc_blocks.2.pw1.bn.running_var----
Missing Keys: ----backbone.neuro_net.0.warp_net.backbone.enc_blocks.2.dw_chain.0.conv.weight----
Missing Keys: ----backbone.neuro_net.0.warp_net.backbone.enc_blocks.2.dw_chain.0.bn.weight----
Missing Keys: ----backbone.neuro_net.0.warp_net.backbone.enc_blocks.2.dw_chain.0.bn.bias----
Missing Keys: ----backbone.neuro_net.0.warp_net.backbone.enc_blocks.2.dw_chain.0.bn.running_mean----
Missing Keys: ----backbone.neuro_net.0.warp_net.backbone.enc_blocks.2.dw_chain.0.bn.running_var----
Missing Keys: ----backbone.neuro_net.0.warp_net.backbone.enc_blocks.2.dw_chain.1.conv.weight----
Missing Keys: ----backbone.neuro_net.0.warp_net.backbone.enc_blocks.2.dw_chain.1.bn.weight----
Missing Keys: ----backbone.neuro_net.0.warp_net.backbone.enc_blocks.2.dw_chain.1.bn.bias----
Missing Keys: ----backbone.neuro_net.0.warp_net.backbone.enc_blocks.2.dw_chain.1.bn.running_mean----
Missing Keys: ----backbone.neuro_net.0.warp_net.backbone.enc_blocks.2.dw_chain.1.bn.running_var----
Missing Keys: ----backbone.neuro_net.0.warp_net.backbone.enc_blocks.2.dw_chain.2.conv.weight----
Missing Keys: ----backbone.neuro_net.0.warp_net.backbone.enc_blocks.2.dw_chain.2.bn.weight----
Missing Keys: ----backbone.neuro_net.0.warp_net.backbone.enc_blocks.2.dw_chain.2.bn.bias----
Missing Keys: ----backbone.neuro_net.0.warp_net.backbone.enc_blocks.2.dw_chain.2.bn.running_mean----
Missing Keys: ----backbone.neuro_net.0.warp_net.backbone.enc_blocks.2.dw_chain.2.bn.running_var----
Missing Keys: ----backbone.neuro_net.0.warp_net.backbone.enc_blocks.2.dw_chain.3.conv.weight----
Missing Keys: ----backbone.neuro_net.0.warp_net.backbone.enc_blocks.2.dw_chain.3.bn.weight----
Missing Keys: ----backbone.neuro_net.0.warp_net.backbone.enc_blocks.2.dw_chain.3.bn.bias----
Missing Keys: ----backbone.neuro_net.0.warp_net.backbone.enc_blocks.2.dw_chain.3.bn.running_mean----
Missing Keys: ----backbone.neuro_net.0.warp_net.backbone.enc_blocks.2.dw_chain.3.bn.running_var----
Missing Keys: ----backbone.neuro_net.0.warp_net.backbone.enc_blocks.2.dw_chain.4.conv.weight----
Missing Keys: ----backbone.neuro_net.0.warp_net.backbone.enc_blocks.2.dw_chain.4.bn.weight----
Missing Keys: ----backbone.neuro_net.0.warp_net.backbone.enc_blocks.2.dw_chain.4.bn.bias----
Missing Keys: ----backbone.neuro_net.0.warp_net.backbone.enc_blocks.2.dw_chain.4.bn.running_mean----
Missing Keys: ----backbone.neuro_net.0.warp_net.backbone.enc_blocks.2.dw_chain.4.bn.running_var----
Missing Keys: ----backbone.neuro_net.0.warp_net.backbone.enc_blocks.2.dw_chain.5.conv.weight----
Missing Keys: ----backbone.neuro_net.0.warp_net.backbone.enc_blocks.2.dw_chain.5.bn.weight----
Missing Keys: ----backbone.neuro_net.0.warp_net.backbone.enc_blocks.2.dw_chain.5.bn.bias----
Missing Keys: ----backbone.neuro_net.0.warp_net.backbone.enc_blocks.2.dw_chain.5.bn.running_mean----
Missing Keys: ----backbone.neuro_net.0.warp_net.backbone.enc_blocks.2.dw_chain.5.bn.running_var----
Missing Keys: ----backbone.neuro_net.0.warp_net.backbone.enc_blocks.2.dw_chain.6.conv.weight----
Missing Keys: ----backbone.neuro_net.0.warp_net.backbone.enc_blocks.2.dw_chain.6.bn.weight----
Missing Keys: ----backbone.neuro_net.0.warp_net.backbone.enc_blocks.2.dw_chain.6.bn.bias----
Missing Keys: ----backbone.neuro_net.0.warp_net.backbone.enc_blocks.2.dw_chain.6.bn.running_mean----
Missing Keys: ----backbone.neuro_net.0.warp_net.backbone.enc_blocks.2.dw_chain.6.bn.running_var----
Missing Keys: ----backbone.neuro_net.0.warp_net.backbone.enc_blocks.2.pw2.conv.weight----
Missing Keys: ----backbone.neuro_net.0.warp_net.backbone.enc_blocks.2.pw2.bn.weight----
Missing Keys: ----backbone.neuro_net.0.warp_net.backbone.enc_blocks.2.pw2.bn.bias----
Missing Keys: ----backbone.neuro_net.0.warp_net.backbone.enc_blocks.2.pw2.bn.running_mean----
Missing Keys: ----backbone.neuro_net.0.warp_net.backbone.enc_blocks.2.pw2.bn.running_var----
Missing Keys: ----backbone.neuro_net.0.warp_net.backbone.enc_blocks.3.pw1.conv.weight----
Missing Keys: ----backbone.neuro_net.0.warp_net.backbone.enc_blocks.3.pw1.bn.weight----
Missing Keys: ----backbone.neuro_net.0.warp_net.backbone.enc_blocks.3.pw1.bn.bias----
Missing Keys: ----backbone.neuro_net.0.warp_net.backbone.enc_blocks.3.pw1.bn.running_mean----
Missing Keys: ----backbone.neuro_net.0.warp_net.backbone.enc_blocks.3.pw1.bn.running_var----
Missing Keys: ----backbone.neuro_net.0.warp_net.backbone.enc_blocks.3.dw_chain.0.conv.weight----
Missing Keys: ----backbone.neuro_net.0.warp_net.backbone.enc_blocks.3.dw_chain.0.bn.weight----
Missing Keys: ----backbone.neuro_net.0.warp_net.backbone.enc_blocks.3.dw_chain.0.bn.bias----
Missing Keys: ----backbone.neuro_net.0.warp_net.backbone.enc_blocks.3.dw_chain.0.bn.running_mean----
Missing Keys: ----backbone.neuro_net.0.warp_net.backbone.enc_blocks.3.dw_chain.0.bn.running_var----
Missing Keys: ----backbone.neuro_net.0.warp_net.backbone.enc_blocks.3.dw_chain.1.conv.weight----
Missing Keys: ----backbone.neuro_net.0.warp_net.backbone.enc_blocks.3.dw_chain.1.bn.weight----
Missing Keys: ----backbone.neuro_net.0.warp_net.backbone.enc_blocks.3.dw_chain.1.bn.bias----
Missing Keys: ----backbone.neuro_net.0.warp_net.backbone.enc_blocks.3.dw_chain.1.bn.running_mean----
Missing Keys: ----backbone.neuro_net.0.warp_net.backbone.enc_blocks.3.dw_chain.1.bn.running_var----
Missing Keys: ----backbone.neuro_net.0.warp_net.backbone.enc_blocks.3.dw_chain.2.conv.weight----
Missing Keys: ----backbone.neuro_net.0.warp_net.backbone.enc_blocks.3.dw_chain.2.bn.weight----
Missing Keys: ----backbone.neuro_net.0.warp_net.backbone.enc_blocks.3.dw_chain.2.bn.bias----
Missing Keys: ----backbone.neuro_net.0.warp_net.backbone.enc_blocks.3.dw_chain.2.bn.running_mean----
Missing Keys: ----backbone.neuro_net.0.warp_net.backbone.enc_blocks.3.dw_chain.2.bn.running_var----
Missing Keys: ----backbone.neuro_net.0.warp_net.backbone.enc_blocks.3.dw_chain.3.conv.weight----
Missing Keys: ----backbone.neuro_net.0.warp_net.backbone.enc_blocks.3.dw_chain.3.bn.weight----
Missing Keys: ----backbone.neuro_net.0.warp_net.backbone.enc_blocks.3.dw_chain.3.bn.bias----
Missing Keys: ----backbone.neuro_net.0.warp_net.backbone.enc_blocks.3.dw_chain.3.bn.running_mean----
Missing Keys: ----backbone.neuro_net.0.warp_net.backbone.enc_blocks.3.dw_chain.3.bn.running_var----
Missing Keys: ----backbone.neuro_net.0.warp_net.backbone.enc_blocks.3.dw_chain.4.conv.weight----
Missing Keys: ----backbone.neuro_net.0.warp_net.backbone.enc_blocks.3.dw_chain.4.bn.weight----
Missing Keys: ----backbone.neuro_net.0.warp_net.backbone.enc_blocks.3.dw_chain.4.bn.bias----
Missing Keys: ----backbone.neuro_net.0.warp_net.backbone.enc_blocks.3.dw_chain.4.bn.running_mean----
Missing Keys: ----backbone.neuro_net.0.warp_net.backbone.enc_blocks.3.dw_chain.4.bn.running_var----
Missing Keys: ----backbone.neuro_net.0.warp_net.backbone.enc_blocks.3.dw_chain.5.conv.weight----
Missing Keys: ----backbone.neuro_net.0.warp_net.backbone.enc_blocks.3.dw_chain.5.bn.weight----
Missing Keys: ----backbone.neuro_net.0.warp_net.backbone.enc_blocks.3.dw_chain.5.bn.bias----
Missing Keys: ----backbone.neuro_net.0.warp_net.backbone.enc_blocks.3.dw_chain.5.bn.running_mean----
Missing Keys: ----backbone.neuro_net.0.warp_net.backbone.enc_blocks.3.dw_chain.5.bn.running_var----
Missing Keys: ----backbone.neuro_net.0.warp_net.backbone.enc_blocks.3.dw_chain.6.conv.weight----
Missing Keys: ----backbone.neuro_net.0.warp_net.backbone.enc_blocks.3.dw_chain.6.bn.weight----
Missing Keys: ----backbone.neuro_net.0.warp_net.backbone.enc_blocks.3.dw_chain.6.bn.bias----
Missing Keys: ----backbone.neuro_net.0.warp_net.backbone.enc_blocks.3.dw_chain.6.bn.running_mean----
Missing Keys: ----backbone.neuro_net.0.warp_net.backbone.enc_blocks.3.dw_chain.6.bn.running_var----
Missing Keys: ----backbone.neuro_net.0.warp_net.backbone.enc_blocks.3.pw2.conv.weight----
Missing Keys: ----backbone.neuro_net.0.warp_net.backbone.enc_blocks.3.pw2.bn.weight----
Missing Keys: ----backbone.neuro_net.0.warp_net.backbone.enc_blocks.3.pw2.bn.bias----
Missing Keys: ----backbone.neuro_net.0.warp_net.backbone.enc_blocks.3.pw2.bn.running_mean----
Missing Keys: ----backbone.neuro_net.0.warp_net.backbone.enc_blocks.3.pw2.bn.running_var----
Missing Keys: ----backbone.neuro_net.0.warp_net.backbone.bottleneck.pw1.conv.weight----
Missing Keys: ----backbone.neuro_net.0.warp_net.backbone.bottleneck.pw1.bn.weight----
Missing Keys: ----backbone.neuro_net.0.warp_net.backbone.bottleneck.pw1.bn.bias----
Missing Keys: ----backbone.neuro_net.0.warp_net.backbone.bottleneck.pw1.bn.running_mean----
Missing Keys: ----backbone.neuro_net.0.warp_net.backbone.bottleneck.pw1.bn.running_var----
Missing Keys: ----backbone.neuro_net.0.warp_net.backbone.bottleneck.dw_chain.0.conv.weight----
Missing Keys: ----backbone.neuro_net.0.warp_net.backbone.bottleneck.dw_chain.0.bn.weight----
Missing Keys: ----backbone.neuro_net.0.warp_net.backbone.bottleneck.dw_chain.0.bn.bias----
Missing Keys: ----backbone.neuro_net.0.warp_net.backbone.bottleneck.dw_chain.0.bn.running_mean----
Missing Keys: ----backbone.neuro_net.0.warp_net.backbone.bottleneck.dw_chain.0.bn.running_var----
Missing Keys: ----backbone.neuro_net.0.warp_net.backbone.bottleneck.dw_chain.1.conv.weight----
Missing Keys: ----backbone.neuro_net.0.warp_net.backbone.bottleneck.dw_chain.1.bn.weight----
Missing Keys: ----backbone.neuro_net.0.warp_net.backbone.bottleneck.dw_chain.1.bn.bias----
Missing Keys: ----backbone.neuro_net.0.warp_net.backbone.bottleneck.dw_chain.1.bn.running_mean----
Missing Keys: ----backbone.neuro_net.0.warp_net.backbone.bottleneck.dw_chain.1.bn.running_var----
Missing Keys: ----backbone.neuro_net.0.warp_net.backbone.bottleneck.dw_chain.2.conv.weight----
Missing Keys: ----backbone.neuro_net.0.warp_net.backbone.bottleneck.dw_chain.2.bn.weight----
Missing Keys: ----backbone.neuro_net.0.warp_net.backbone.bottleneck.dw_chain.2.bn.bias----
Missing Keys: ----backbone.neuro_net.0.warp_net.backbone.bottleneck.dw_chain.2.bn.running_mean----
Missing Keys: ----backbone.neuro_net.0.warp_net.backbone.bottleneck.dw_chain.2.bn.running_var----
Missing Keys: ----backbone.neuro_net.0.warp_net.backbone.bottleneck.dw_chain.3.conv.weight----
Missing Keys: ----backbone.neuro_net.0.warp_net.backbone.bottleneck.dw_chain.3.bn.weight----
Missing Keys: ----backbone.neuro_net.0.warp_net.backbone.bottleneck.dw_chain.3.bn.bias----
Missing Keys: ----backbone.neuro_net.0.warp_net.backbone.bottleneck.dw_chain.3.bn.running_mean----
Missing Keys: ----backbone.neuro_net.0.warp_net.backbone.bottleneck.dw_chain.3.bn.running_var----
Missing Keys: ----backbone.neuro_net.0.warp_net.backbone.bottleneck.dw_chain.4.conv.weight----
Missing Keys: ----backbone.neuro_net.0.warp_net.backbone.bottleneck.dw_chain.4.bn.weight----
Missing Keys: ----backbone.neuro_net.0.warp_net.backbone.bottleneck.dw_chain.4.bn.bias----
Missing Keys: ----backbone.neuro_net.0.warp_net.backbone.bottleneck.dw_chain.4.bn.running_mean----
Missing Keys: ----backbone.neuro_net.0.warp_net.backbone.bottleneck.dw_chain.4.bn.running_var----
Missing Keys: ----backbone.neuro_net.0.warp_net.backbone.bottleneck.dw_chain.5.conv.weight----
Missing Keys: ----backbone.neuro_net.0.warp_net.backbone.bottleneck.dw_chain.5.bn.weight----
Missing Keys: ----backbone.neuro_net.0.warp_net.backbone.bottleneck.dw_chain.5.bn.bias----
Missing Keys: ----backbone.neuro_net.0.warp_net.backbone.bottleneck.dw_chain.5.bn.running_mean----
Missing Keys: ----backbone.neuro_net.0.warp_net.backbone.bottleneck.dw_chain.5.bn.running_var----
Missing Keys: ----backbone.neuro_net.0.warp_net.backbone.bottleneck.dw_chain.6.conv.weight----
Missing Keys: ----backbone.neuro_net.0.warp_net.backbone.bottleneck.dw_chain.6.bn.weight----
Missing Keys: ----backbone.neuro_net.0.warp_net.backbone.bottleneck.dw_chain.6.bn.bias----
Missing Keys: ----backbone.neuro_net.0.warp_net.backbone.bottleneck.dw_chain.6.bn.running_mean----
Missing Keys: ----backbone.neuro_net.0.warp_net.backbone.bottleneck.dw_chain.6.bn.running_var----
Missing Keys: ----backbone.neuro_net.0.warp_net.backbone.bottleneck.pw2.conv.weight----
Missing Keys: ----backbone.neuro_net.0.warp_net.backbone.bottleneck.pw2.bn.weight----
Missing Keys: ----backbone.neuro_net.0.warp_net.backbone.bottleneck.pw2.bn.bias----
Missing Keys: ----backbone.neuro_net.0.warp_net.backbone.bottleneck.pw2.bn.running_mean----
Missing Keys: ----backbone.neuro_net.0.warp_net.backbone.bottleneck.pw2.bn.running_var----
Missing Keys: ----backbone.neuro_net.0.warp_net.backbone.dec_blocks.0.pw1.conv.weight----
Missing Keys: ----backbone.neuro_net.0.warp_net.backbone.dec_blocks.0.pw1.bn.weight----
Missing Keys: ----backbone.neuro_net.0.warp_net.backbone.dec_blocks.0.pw1.bn.bias----
Missing Keys: ----backbone.neuro_net.0.warp_net.backbone.dec_blocks.0.pw1.bn.running_mean----
Missing Keys: ----backbone.neuro_net.0.warp_net.backbone.dec_blocks.0.pw1.bn.running_var----
Missing Keys: ----backbone.neuro_net.0.warp_net.backbone.dec_blocks.0.dw_chain.0.conv.weight----
Missing Keys: ----backbone.neuro_net.0.warp_net.backbone.dec_blocks.0.dw_chain.0.bn.weight----
Missing Keys: ----backbone.neuro_net.0.warp_net.backbone.dec_blocks.0.dw_chain.0.bn.bias----
Missing Keys: ----backbone.neuro_net.0.warp_net.backbone.dec_blocks.0.dw_chain.0.bn.running_mean----
Missing Keys: ----backbone.neuro_net.0.warp_net.backbone.dec_blocks.0.dw_chain.0.bn.running_var----
Missing Keys: ----backbone.neuro_net.0.warp_net.backbone.dec_blocks.0.dw_chain.1.conv.weight----
Missing Keys: ----backbone.neuro_net.0.warp_net.backbone.dec_blocks.0.dw_chain.1.bn.weight----
Missing Keys: ----backbone.neuro_net.0.warp_net.backbone.dec_blocks.0.dw_chain.1.bn.bias----
Missing Keys: ----backbone.neuro_net.0.warp_net.backbone.dec_blocks.0.dw_chain.1.bn.running_mean----
Missing Keys: ----backbone.neuro_net.0.warp_net.backbone.dec_blocks.0.dw_chain.1.bn.running_var----
Missing Keys: ----backbone.neuro_net.0.warp_net.backbone.dec_blocks.0.dw_chain.2.conv.weight----
Missing Keys: ----backbone.neuro_net.0.warp_net.backbone.dec_blocks.0.dw_chain.2.bn.weight----
Missing Keys: ----backbone.neuro_net.0.warp_net.backbone.dec_blocks.0.dw_chain.2.bn.bias----
Missing Keys: ----backbone.neuro_net.0.warp_net.backbone.dec_blocks.0.dw_chain.2.bn.running_mean----
Missing Keys: ----backbone.neuro_net.0.warp_net.backbone.dec_blocks.0.dw_chain.2.bn.running_var----
Missing Keys: ----backbone.neuro_net.0.warp_net.backbone.dec_blocks.0.dw_chain.3.conv.weight----
Missing Keys: ----backbone.neuro_net.0.warp_net.backbone.dec_blocks.0.dw_chain.3.bn.weight----
Missing Keys: ----backbone.neuro_net.0.warp_net.backbone.dec_blocks.0.dw_chain.3.bn.bias----
Missing Keys: ----backbone.neuro_net.0.warp_net.backbone.dec_blocks.0.dw_chain.3.bn.running_mean----
Missing Keys: ----backbone.neuro_net.0.warp_net.backbone.dec_blocks.0.dw_chain.3.bn.running_var----
Missing Keys: ----backbone.neuro_net.0.warp_net.backbone.dec_blocks.0.dw_chain.4.conv.weight----
Missing Keys: ----backbone.neuro_net.0.warp_net.backbone.dec_blocks.0.dw_chain.4.bn.weight----
Missing Keys: ----backbone.neuro_net.0.warp_net.backbone.dec_blocks.0.dw_chain.4.bn.bias----
Missing Keys: ----backbone.neuro_net.0.warp_net.backbone.dec_blocks.0.dw_chain.4.bn.running_mean----
Missing Keys: ----backbone.neuro_net.0.warp_net.backbone.dec_blocks.0.dw_chain.4.bn.running_var----
Missing Keys: ----backbone.neuro_net.0.warp_net.backbone.dec_blocks.0.dw_chain.5.conv.weight----
Missing Keys: ----backbone.neuro_net.0.warp_net.backbone.dec_blocks.0.dw_chain.5.bn.weight----
Missing Keys: ----backbone.neuro_net.0.warp_net.backbone.dec_blocks.0.dw_chain.5.bn.bias----
Missing Keys: ----backbone.neuro_net.0.warp_net.backbone.dec_blocks.0.dw_chain.5.bn.running_mean----
Missing Keys: ----backbone.neuro_net.0.warp_net.backbone.dec_blocks.0.dw_chain.5.bn.running_var----
Missing Keys: ----backbone.neuro_net.0.warp_net.backbone.dec_blocks.0.dw_chain.6.conv.weight----
Missing Keys: ----backbone.neuro_net.0.warp_net.backbone.dec_blocks.0.dw_chain.6.bn.weight----
Missing Keys: ----backbone.neuro_net.0.warp_net.backbone.dec_blocks.0.dw_chain.6.bn.bias----
Missing Keys: ----backbone.neuro_net.0.warp_net.backbone.dec_blocks.0.dw_chain.6.bn.running_mean----
Missing Keys: ----backbone.neuro_net.0.warp_net.backbone.dec_blocks.0.dw_chain.6.bn.running_var----
Missing Keys: ----backbone.neuro_net.0.warp_net.backbone.dec_blocks.0.pw2.conv.weight----
Missing Keys: ----backbone.neuro_net.0.warp_net.backbone.dec_blocks.0.pw2.bn.weight----
Missing Keys: ----backbone.neuro_net.0.warp_net.backbone.dec_blocks.0.pw2.bn.bias----
Missing Keys: ----backbone.neuro_net.0.warp_net.backbone.dec_blocks.0.pw2.bn.running_mean----
Missing Keys: ----backbone.neuro_net.0.warp_net.backbone.dec_blocks.0.pw2.bn.running_var----
Missing Keys: ----backbone.neuro_net.0.warp_net.backbone.dec_blocks.1.pw1.conv.weight----
Missing Keys: ----backbone.neuro_net.0.warp_net.backbone.dec_blocks.1.pw1.bn.weight----
Missing Keys: ----backbone.neuro_net.0.warp_net.backbone.dec_blocks.1.pw1.bn.bias----
Missing Keys: ----backbone.neuro_net.0.warp_net.backbone.dec_blocks.1.pw1.bn.running_mean----
Missing Keys: ----backbone.neuro_net.0.warp_net.backbone.dec_blocks.1.pw1.bn.running_var----
Missing Keys: ----backbone.neuro_net.0.warp_net.backbone.dec_blocks.1.dw_chain.0.conv.weight----
Missing Keys: ----backbone.neuro_net.0.warp_net.backbone.dec_blocks.1.dw_chain.0.bn.weight----
Missing Keys: ----backbone.neuro_net.0.warp_net.backbone.dec_blocks.1.dw_chain.0.bn.bias----
Missing Keys: ----backbone.neuro_net.0.warp_net.backbone.dec_blocks.1.dw_chain.0.bn.running_mean----
Missing Keys: ----backbone.neuro_net.0.warp_net.backbone.dec_blocks.1.dw_chain.0.bn.running_var----
Missing Keys: ----backbone.neuro_net.0.warp_net.backbone.dec_blocks.1.dw_chain.1.conv.weight----
Missing Keys: ----backbone.neuro_net.0.warp_net.backbone.dec_blocks.1.dw_chain.1.bn.weight----
Missing Keys: ----backbone.neuro_net.0.warp_net.backbone.dec_blocks.1.dw_chain.1.bn.bias----
Missing Keys: ----backbone.neuro_net.0.warp_net.backbone.dec_blocks.1.dw_chain.1.bn.running_mean----
Missing Keys: ----backbone.neuro_net.0.warp_net.backbone.dec_blocks.1.dw_chain.1.bn.running_var----
Missing Keys: ----backbone.neuro_net.0.warp_net.backbone.dec_blocks.1.dw_chain.2.conv.weight----
Missing Keys: ----backbone.neuro_net.0.warp_net.backbone.dec_blocks.1.dw_chain.2.bn.weight----
Missing Keys: ----backbone.neuro_net.0.warp_net.backbone.dec_blocks.1.dw_chain.2.bn.bias----
Missing Keys: ----backbone.neuro_net.0.warp_net.backbone.dec_blocks.1.dw_chain.2.bn.running_mean----
Missing Keys: ----backbone.neuro_net.0.warp_net.backbone.dec_blocks.1.dw_chain.2.bn.running_var----
Missing Keys: ----backbone.neuro_net.0.warp_net.backbone.dec_blocks.1.dw_chain.3.conv.weight----
Missing Keys: ----backbone.neuro_net.0.warp_net.backbone.dec_blocks.1.dw_chain.3.bn.weight----
Missing Keys: ----backbone.neuro_net.0.warp_net.backbone.dec_blocks.1.dw_chain.3.bn.bias----
Missing Keys: ----backbone.neuro_net.0.warp_net.backbone.dec_blocks.1.dw_chain.3.bn.running_mean----
Missing Keys: ----backbone.neuro_net.0.warp_net.backbone.dec_blocks.1.dw_chain.3.bn.running_var----
Missing Keys: ----backbone.neuro_net.0.warp_net.backbone.dec_blocks.1.dw_chain.4.conv.weight----
Missing Keys: ----backbone.neuro_net.0.warp_net.backbone.dec_blocks.1.dw_chain.4.bn.weight----
Missing Keys: ----backbone.neuro_net.0.warp_net.backbone.dec_blocks.1.dw_chain.4.bn.bias----
Missing Keys: ----backbone.neuro_net.0.warp_net.backbone.dec_blocks.1.dw_chain.4.bn.running_mean----
Missing Keys: ----backbone.neuro_net.0.warp_net.backbone.dec_blocks.1.dw_chain.4.bn.running_var----
Missing Keys: ----backbone.neuro_net.0.warp_net.backbone.dec_blocks.1.dw_chain.5.conv.weight----
Missing Keys: ----backbone.neuro_net.0.warp_net.backbone.dec_blocks.1.dw_chain.5.bn.weight----
Missing Keys: ----backbone.neuro_net.0.warp_net.backbone.dec_blocks.1.dw_chain.5.bn.bias----
Missing Keys: ----backbone.neuro_net.0.warp_net.backbone.dec_blocks.1.dw_chain.5.bn.running_mean----
Missing Keys: ----backbone.neuro_net.0.warp_net.backbone.dec_blocks.1.dw_chain.5.bn.running_var----
Missing Keys: ----backbone.neuro_net.0.warp_net.backbone.dec_blocks.1.dw_chain.6.conv.weight----
Missing Keys: ----backbone.neuro_net.0.warp_net.backbone.dec_blocks.1.dw_chain.6.bn.weight----
Missing Keys: ----backbone.neuro_net.0.warp_net.backbone.dec_blocks.1.dw_chain.6.bn.bias----
Missing Keys: ----backbone.neuro_net.0.warp_net.backbone.dec_blocks.1.dw_chain.6.bn.running_mean----
Missing Keys: ----backbone.neuro_net.0.warp_net.backbone.dec_blocks.1.dw_chain.6.bn.running_var----
Missing Keys: ----backbone.neuro_net.0.warp_net.backbone.dec_blocks.1.pw2.conv.weight----
Missing Keys: ----backbone.neuro_net.0.warp_net.backbone.dec_blocks.1.pw2.bn.weight----
Missing Keys: ----backbone.neuro_net.0.warp_net.backbone.dec_blocks.1.pw2.bn.bias----
Missing Keys: ----backbone.neuro_net.0.warp_net.backbone.dec_blocks.1.pw2.bn.running_mean----
Missing Keys: ----backbone.neuro_net.0.warp_net.backbone.dec_blocks.1.pw2.bn.running_var----
Missing Keys: ----backbone.neuro_net.0.warp_net.backbone.dec_blocks.2.pw1.conv.weight----
Missing Keys: ----backbone.neuro_net.0.warp_net.backbone.dec_blocks.2.pw1.bn.weight----
Missing Keys: ----backbone.neuro_net.0.warp_net.backbone.dec_blocks.2.pw1.bn.bias----
Missing Keys: ----backbone.neuro_net.0.warp_net.backbone.dec_blocks.2.pw1.bn.running_mean----
Missing Keys: ----backbone.neuro_net.0.warp_net.backbone.dec_blocks.2.pw1.bn.running_var----
Missing Keys: ----backbone.neuro_net.0.warp_net.backbone.dec_blocks.2.dw_chain.0.conv.weight----
Missing Keys: ----backbone.neuro_net.0.warp_net.backbone.dec_blocks.2.dw_chain.0.bn.weight----
Missing Keys: ----backbone.neuro_net.0.warp_net.backbone.dec_blocks.2.dw_chain.0.bn.bias----
Missing Keys: ----backbone.neuro_net.0.warp_net.backbone.dec_blocks.2.dw_chain.0.bn.running_mean----
Missing Keys: ----backbone.neuro_net.0.warp_net.backbone.dec_blocks.2.dw_chain.0.bn.running_var----
Missing Keys: ----backbone.neuro_net.0.warp_net.backbone.dec_blocks.2.dw_chain.1.conv.weight----
Missing Keys: ----backbone.neuro_net.0.warp_net.backbone.dec_blocks.2.dw_chain.1.bn.weight----
Missing Keys: ----backbone.neuro_net.0.warp_net.backbone.dec_blocks.2.dw_chain.1.bn.bias----
Missing Keys: ----backbone.neuro_net.0.warp_net.backbone.dec_blocks.2.dw_chain.1.bn.running_mean----
Missing Keys: ----backbone.neuro_net.0.warp_net.backbone.dec_blocks.2.dw_chain.1.bn.running_var----
Missing Keys: ----backbone.neuro_net.0.warp_net.backbone.dec_blocks.2.dw_chain.2.conv.weight----
Missing Keys: ----backbone.neuro_net.0.warp_net.backbone.dec_blocks.2.dw_chain.2.bn.weight----
Missing Keys: ----backbone.neuro_net.0.warp_net.backbone.dec_blocks.2.dw_chain.2.bn.bias----
Missing Keys: ----backbone.neuro_net.0.warp_net.backbone.dec_blocks.2.dw_chain.2.bn.running_mean----
Missing Keys: ----backbone.neuro_net.0.warp_net.backbone.dec_blocks.2.dw_chain.2.bn.running_var----
Missing Keys: ----backbone.neuro_net.0.warp_net.backbone.dec_blocks.2.dw_chain.3.conv.weight----
Missing Keys: ----backbone.neuro_net.0.warp_net.backbone.dec_blocks.2.dw_chain.3.bn.weight----
Missing Keys: ----backbone.neuro_net.0.warp_net.backbone.dec_blocks.2.dw_chain.3.bn.bias----
Missing Keys: ----backbone.neuro_net.0.warp_net.backbone.dec_blocks.2.dw_chain.3.bn.running_mean----
Missing Keys: ----backbone.neuro_net.0.warp_net.backbone.dec_blocks.2.dw_chain.3.bn.running_var----
Missing Keys: ----backbone.neuro_net.0.warp_net.backbone.dec_blocks.2.dw_chain.4.conv.weight----
Missing Keys: ----backbone.neuro_net.0.warp_net.backbone.dec_blocks.2.dw_chain.4.bn.weight----
Missing Keys: ----backbone.neuro_net.0.warp_net.backbone.dec_blocks.2.dw_chain.4.bn.bias----
Missing Keys: ----backbone.neuro_net.0.warp_net.backbone.dec_blocks.2.dw_chain.4.bn.running_mean----
Missing Keys: ----backbone.neuro_net.0.warp_net.backbone.dec_blocks.2.dw_chain.4.bn.running_var----
Missing Keys: ----backbone.neuro_net.0.warp_net.backbone.dec_blocks.2.dw_chain.5.conv.weight----
Missing Keys: ----backbone.neuro_net.0.warp_net.backbone.dec_blocks.2.dw_chain.5.bn.weight----
Missing Keys: ----backbone.neuro_net.0.warp_net.backbone.dec_blocks.2.dw_chain.5.bn.bias----
Missing Keys: ----backbone.neuro_net.0.warp_net.backbone.dec_blocks.2.dw_chain.5.bn.running_mean----
Missing Keys: ----backbone.neuro_net.0.warp_net.backbone.dec_blocks.2.dw_chain.5.bn.running_var----
Missing Keys: ----backbone.neuro_net.0.warp_net.backbone.dec_blocks.2.dw_chain.6.conv.weight----
Missing Keys: ----backbone.neuro_net.0.warp_net.backbone.dec_blocks.2.dw_chain.6.bn.weight----
Missing Keys: ----backbone.neuro_net.0.warp_net.backbone.dec_blocks.2.dw_chain.6.bn.bias----
Missing Keys: ----backbone.neuro_net.0.warp_net.backbone.dec_blocks.2.dw_chain.6.bn.running_mean----
Missing Keys: ----backbone.neuro_net.0.warp_net.backbone.dec_blocks.2.dw_chain.6.bn.running_var----
Missing Keys: ----backbone.neuro_net.0.warp_net.backbone.dec_blocks.2.pw2.conv.weight----
Missing Keys: ----backbone.neuro_net.0.warp_net.backbone.dec_blocks.2.pw2.bn.weight----
Missing Keys: ----backbone.neuro_net.0.warp_net.backbone.dec_blocks.2.pw2.bn.bias----
Missing Keys: ----backbone.neuro_net.0.warp_net.backbone.dec_blocks.2.pw2.bn.running_mean----
Missing Keys: ----backbone.neuro_net.0.warp_net.backbone.dec_blocks.2.pw2.bn.running_var----
Missing Keys: ----backbone.neuro_net.0.warp_net.backbone.dec_blocks.3.pw1.conv.weight----
Missing Keys: ----backbone.neuro_net.0.warp_net.backbone.dec_blocks.3.pw1.bn.weight----
Missing Keys: ----backbone.neuro_net.0.warp_net.backbone.dec_blocks.3.pw1.bn.bias----
Missing Keys: ----backbone.neuro_net.0.warp_net.backbone.dec_blocks.3.pw1.bn.running_mean----
Missing Keys: ----backbone.neuro_net.0.warp_net.backbone.dec_blocks.3.pw1.bn.running_var----
Missing Keys: ----backbone.neuro_net.0.warp_net.backbone.dec_blocks.3.dw_chain.0.conv.weight----
Missing Keys: ----backbone.neuro_net.0.warp_net.backbone.dec_blocks.3.dw_chain.0.bn.weight----
Missing Keys: ----backbone.neuro_net.0.warp_net.backbone.dec_blocks.3.dw_chain.0.bn.bias----
Missing Keys: ----backbone.neuro_net.0.warp_net.backbone.dec_blocks.3.dw_chain.0.bn.running_mean----
Missing Keys: ----backbone.neuro_net.0.warp_net.backbone.dec_blocks.3.dw_chain.0.bn.running_var----
Missing Keys: ----backbone.neuro_net.0.warp_net.backbone.dec_blocks.3.dw_chain.1.conv.weight----
Missing Keys: ----backbone.neuro_net.0.warp_net.backbone.dec_blocks.3.dw_chain.1.bn.weight----
Missing Keys: ----backbone.neuro_net.0.warp_net.backbone.dec_blocks.3.dw_chain.1.bn.bias----
Missing Keys: ----backbone.neuro_net.0.warp_net.backbone.dec_blocks.3.dw_chain.1.bn.running_mean----
Missing Keys: ----backbone.neuro_net.0.warp_net.backbone.dec_blocks.3.dw_chain.1.bn.running_var----
Missing Keys: ----backbone.neuro_net.0.warp_net.backbone.dec_blocks.3.dw_chain.2.conv.weight----
Missing Keys: ----backbone.neuro_net.0.warp_net.backbone.dec_blocks.3.dw_chain.2.bn.weight----
Missing Keys: ----backbone.neuro_net.0.warp_net.backbone.dec_blocks.3.dw_chain.2.bn.bias----
Missing Keys: ----backbone.neuro_net.0.warp_net.backbone.dec_blocks.3.dw_chain.2.bn.running_mean----
Missing Keys: ----backbone.neuro_net.0.warp_net.backbone.dec_blocks.3.dw_chain.2.bn.running_var----
Missing Keys: ----backbone.neuro_net.0.warp_net.backbone.dec_blocks.3.dw_chain.3.conv.weight----
Missing Keys: ----backbone.neuro_net.0.warp_net.backbone.dec_blocks.3.dw_chain.3.bn.weight----
Missing Keys: ----backbone.neuro_net.0.warp_net.backbone.dec_blocks.3.dw_chain.3.bn.bias----
Missing Keys: ----backbone.neuro_net.0.warp_net.backbone.dec_blocks.3.dw_chain.3.bn.running_mean----
Missing Keys: ----backbone.neuro_net.0.warp_net.backbone.dec_blocks.3.dw_chain.3.bn.running_var----
Missing Keys: ----backbone.neuro_net.0.warp_net.backbone.dec_blocks.3.dw_chain.4.conv.weight----
Missing Keys: ----backbone.neuro_net.0.warp_net.backbone.dec_blocks.3.dw_chain.4.bn.weight----
Missing Keys: ----backbone.neuro_net.0.warp_net.backbone.dec_blocks.3.dw_chain.4.bn.bias----
Missing Keys: ----backbone.neuro_net.0.warp_net.backbone.dec_blocks.3.dw_chain.4.bn.running_mean----
Missing Keys: ----backbone.neuro_net.0.warp_net.backbone.dec_blocks.3.dw_chain.4.bn.running_var----
Missing Keys: ----backbone.neuro_net.0.warp_net.backbone.dec_blocks.3.dw_chain.5.conv.weight----
Missing Keys: ----backbone.neuro_net.0.warp_net.backbone.dec_blocks.3.dw_chain.5.bn.weight----
Missing Keys: ----backbone.neuro_net.0.warp_net.backbone.dec_blocks.3.dw_chain.5.bn.bias----
Missing Keys: ----backbone.neuro_net.0.warp_net.backbone.dec_blocks.3.dw_chain.5.bn.running_mean----
Missing Keys: ----backbone.neuro_net.0.warp_net.backbone.dec_blocks.3.dw_chain.5.bn.running_var----
Missing Keys: ----backbone.neuro_net.0.warp_net.backbone.dec_blocks.3.dw_chain.6.conv.weight----
Missing Keys: ----backbone.neuro_net.0.warp_net.backbone.dec_blocks.3.dw_chain.6.bn.weight----
Missing Keys: ----backbone.neuro_net.0.warp_net.backbone.dec_blocks.3.dw_chain.6.bn.bias----
Missing Keys: ----backbone.neuro_net.0.warp_net.backbone.dec_blocks.3.dw_chain.6.bn.running_mean----
Missing Keys: ----backbone.neuro_net.0.warp_net.backbone.dec_blocks.3.dw_chain.6.bn.running_var----
Missing Keys: ----backbone.neuro_net.0.warp_net.backbone.dec_blocks.3.pw2.conv.weight----
Missing Keys: ----backbone.neuro_net.0.warp_net.backbone.dec_blocks.3.pw2.bn.weight----
Missing Keys: ----backbone.neuro_net.0.warp_net.backbone.dec_blocks.3.pw2.bn.bias----
Missing Keys: ----backbone.neuro_net.0.warp_net.backbone.dec_blocks.3.pw2.bn.running_mean----
Missing Keys: ----backbone.neuro_net.0.warp_net.backbone.dec_blocks.3.pw2.bn.running_var----
Missing Keys: ----backbone.neuro_net.0.warp_net.backbone.head.conv.weight----
Missing Keys: ----backbone.neuro_net.0.warp_net.backbone.head.bn.weight----
Missing Keys: ----backbone.neuro_net.0.warp_net.backbone.head.bn.bias----
Missing Keys: ----backbone.neuro_net.0.warp_net.backbone.head.bn.running_mean----
Missing Keys: ----backbone.neuro_net.0.warp_net.backbone.head.bn.running_var----
Missing Keys: ----backbone.neuro_net.0.warp_net.global_blocks.0.norm1.weight----
Missing Keys: ----backbone.neuro_net.0.warp_net.global_blocks.0.norm1.bias----
Missing Keys: ----backbone.neuro_net.0.warp_net.global_blocks.0.attn.qkv.weight----
Missing Keys: ----backbone.neuro_net.0.warp_net.global_blocks.0.attn.proj.weight----
Missing Keys: ----backbone.neuro_net.0.warp_net.global_blocks.0.attn.proj.bias----
Missing Keys: ----backbone.neuro_net.0.warp_net.global_blocks.0.norm2.weight----
Missing Keys: ----backbone.neuro_net.0.warp_net.global_blocks.0.norm2.bias----
Missing Keys: ----backbone.neuro_net.0.warp_net.global_blocks.0.mlp.0.weight----
Missing Keys: ----backbone.neuro_net.0.warp_net.global_blocks.0.mlp.0.bias----
Missing Keys: ----backbone.neuro_net.0.warp_net.global_blocks.0.mlp.3.weight----
Missing Keys: ----backbone.neuro_net.0.warp_net.global_blocks.0.mlp.3.bias----
Missing Keys: ----backbone.neuro_net.0.warp_net.regressor.2.weight----
Missing Keys: ----backbone.neuro_net.0.warp_net.regressor.2.bias----
Missing Keys: ----backbone.neuro_net.0.warp_net.regressor.4.weight----
Missing Keys: ----backbone.neuro_net.0.warp_net.regressor.4.bias----
Missing Keys: ----backbone.neuro_net.0._gate.mlp.0.weight----
Missing Keys: ----backbone.neuro_net.0._gate.mlp.0.bias----
Missing Keys: ----backbone.neuro_net.0._gate.mlp.2.weight----
Missing Keys: ----backbone.neuro_net.0._gate.mlp.2.bias----
Missing Keys: ----backbone.neuro_net.0._gate.mlp.4.weight----
Missing Keys: ----backbone.neuro_net.0._gate.mlp.4.bias----
Missing Keys: ----backbone.neuro_net.1.branch_costs----
Missing Keys: ----backbone.neuro_net.1.shift_net.rgb_proj.0.weight----
Missing Keys: ----backbone.neuro_net.1.shift_net.rgb_proj.0.bias----
Missing Keys: ----backbone.neuro_net.1.shift_net.rgb_proj.2.weight----
Missing Keys: ----backbone.neuro_net.1.shift_net.rgb_proj.2.bias----
Missing Keys: ----backbone.neuro_net.1.shift_net.tir_proj.0.weight----
Missing Keys: ----backbone.neuro_net.1.shift_net.tir_proj.0.bias----
Missing Keys: ----backbone.neuro_net.1.shift_net.tir_proj.2.weight----
Missing Keys: ----backbone.neuro_net.1.shift_net.tir_proj.2.bias----
Missing Keys: ----backbone.neuro_net.1.shift_net.norm1.weight----
Missing Keys: ----backbone.neuro_net.1.shift_net.norm1.bias----
Missing Keys: ----backbone.neuro_net.1.shift_net.refiner.0.weight----
Missing Keys: ----backbone.neuro_net.1.shift_net.refiner.0.bias----
Missing Keys: ----backbone.neuro_net.1.shift_net.refiner.2.weight----
Missing Keys: ----backbone.neuro_net.1.shift_net.refiner.2.bias----
Missing Keys: ----backbone.neuro_net.1.shift_net.refiner.6.weight----
Missing Keys: ----backbone.neuro_net.1.shift_net.refiner.6.bias----
Missing Keys: ----backbone.neuro_net.1.scale_net.alpha1----
Missing Keys: ----backbone.neuro_net.1.scale_net.alpha2----
Missing Keys: ----backbone.neuro_net.1.scale_net.rgb_proj.weight----
Missing Keys: ----backbone.neuro_net.1.scale_net.tir_proj.weight----
Missing Keys: ----backbone.neuro_net.1.scale_net.band_gate_rgb.mlp.0.weight----
Missing Keys: ----backbone.neuro_net.1.scale_net.band_gate_rgb.mlp.0.bias----
Missing Keys: ----backbone.neuro_net.1.scale_net.band_gate_rgb.mlp.2.weight----
Missing Keys: ----backbone.neuro_net.1.scale_net.band_gate_rgb.mlp.2.bias----
Missing Keys: ----backbone.neuro_net.1.scale_net.band_gate_tir.mlp.0.weight----
Missing Keys: ----backbone.neuro_net.1.scale_net.band_gate_tir.mlp.0.bias----
Missing Keys: ----backbone.neuro_net.1.scale_net.band_gate_tir.mlp.2.weight----
Missing Keys: ----backbone.neuro_net.1.scale_net.band_gate_tir.mlp.2.bias----
Missing Keys: ----backbone.neuro_net.1.scale_net.norm1.weight----
Missing Keys: ----backbone.neuro_net.1.scale_net.norm1.bias----
Missing Keys: ----backbone.neuro_net.1.scale_net.conv_head.blocks.0.0.weight----
Missing Keys: ----backbone.neuro_net.1.scale_net.conv_head.blocks.0.0.bias----
Missing Keys: ----backbone.neuro_net.1.scale_net.conv_head.blocks.0.2.weight----
Missing Keys: ----backbone.neuro_net.1.scale_net.conv_head.blocks.0.2.bias----
Missing Keys: ----backbone.neuro_net.1.scale_net.conv_head.blocks.1.0.weight----
Missing Keys: ----backbone.neuro_net.1.scale_net.conv_head.blocks.1.0.bias----
Missing Keys: ----backbone.neuro_net.1.scale_net.conv_head.blocks.1.2.weight----
Missing Keys: ----backbone.neuro_net.1.scale_net.conv_head.blocks.1.2.bias----
Missing Keys: ----backbone.neuro_net.1.scale_net.conv_head.blocks.2.0.weight----
Missing Keys: ----backbone.neuro_net.1.scale_net.conv_head.blocks.2.0.bias----
Missing Keys: ----backbone.neuro_net.1.scale_net.conv_head.blocks.2.2.weight----
Missing Keys: ----backbone.neuro_net.1.scale_net.conv_head.blocks.2.2.bias----
Missing Keys: ----backbone.neuro_net.1.scale_net.conv_head.fuse.0.weight----
Missing Keys: ----backbone.neuro_net.1.scale_net.conv_head.fuse.0.bias----
Missing Keys: ----backbone.neuro_net.1.scale_net.conv_head.head.weight----
Missing Keys: ----backbone.neuro_net.1.scale_net.conv_head.head.bias----
Missing Keys: ----backbone.neuro_net.1.warp_net.backbone.enc_blocks.0.pw1.conv.weight----
Missing Keys: ----backbone.neuro_net.1.warp_net.backbone.enc_blocks.0.pw1.bn.weight----
Missing Keys: ----backbone.neuro_net.1.warp_net.backbone.enc_blocks.0.pw1.bn.bias----
Missing Keys: ----backbone.neuro_net.1.warp_net.backbone.enc_blocks.0.pw1.bn.running_mean----
Missing Keys: ----backbone.neuro_net.1.warp_net.backbone.enc_blocks.0.pw1.bn.running_var----
Missing Keys: ----backbone.neuro_net.1.warp_net.backbone.enc_blocks.0.dw_chain.0.conv.weight----
Missing Keys: ----backbone.neuro_net.1.warp_net.backbone.enc_blocks.0.dw_chain.0.bn.weight----
Missing Keys: ----backbone.neuro_net.1.warp_net.backbone.enc_blocks.0.dw_chain.0.bn.bias----
Missing Keys: ----backbone.neuro_net.1.warp_net.backbone.enc_blocks.0.dw_chain.0.bn.running_mean----
Missing Keys: ----backbone.neuro_net.1.warp_net.backbone.enc_blocks.0.dw_chain.0.bn.running_var----
Missing Keys: ----backbone.neuro_net.1.warp_net.backbone.enc_blocks.0.dw_chain.1.conv.weight----
Missing Keys: ----backbone.neuro_net.1.warp_net.backbone.enc_blocks.0.dw_chain.1.bn.weight----
Missing Keys: ----backbone.neuro_net.1.warp_net.backbone.enc_blocks.0.dw_chain.1.bn.bias----
Missing Keys: ----backbone.neuro_net.1.warp_net.backbone.enc_blocks.0.dw_chain.1.bn.running_mean----
Missing Keys: ----backbone.neuro_net.1.warp_net.backbone.enc_blocks.0.dw_chain.1.bn.running_var----
Missing Keys: ----backbone.neuro_net.1.warp_net.backbone.enc_blocks.0.dw_chain.2.conv.weight----
Missing Keys: ----backbone.neuro_net.1.warp_net.backbone.enc_blocks.0.dw_chain.2.bn.weight----
Missing Keys: ----backbone.neuro_net.1.warp_net.backbone.enc_blocks.0.dw_chain.2.bn.bias----
Missing Keys: ----backbone.neuro_net.1.warp_net.backbone.enc_blocks.0.dw_chain.2.bn.running_mean----
Missing Keys: ----backbone.neuro_net.1.warp_net.backbone.enc_blocks.0.dw_chain.2.bn.running_var----
Missing Keys: ----backbone.neuro_net.1.warp_net.backbone.enc_blocks.0.dw_chain.3.conv.weight----
Missing Keys: ----backbone.neuro_net.1.warp_net.backbone.enc_blocks.0.dw_chain.3.bn.weight----
Missing Keys: ----backbone.neuro_net.1.warp_net.backbone.enc_blocks.0.dw_chain.3.bn.bias----
Missing Keys: ----backbone.neuro_net.1.warp_net.backbone.enc_blocks.0.dw_chain.3.bn.running_mean----
Missing Keys: ----backbone.neuro_net.1.warp_net.backbone.enc_blocks.0.dw_chain.3.bn.running_var----
Missing Keys: ----backbone.neuro_net.1.warp_net.backbone.enc_blocks.0.dw_chain.4.conv.weight----
Missing Keys: ----backbone.neuro_net.1.warp_net.backbone.enc_blocks.0.dw_chain.4.bn.weight----
Missing Keys: ----backbone.neuro_net.1.warp_net.backbone.enc_blocks.0.dw_chain.4.bn.bias----
Missing Keys: ----backbone.neuro_net.1.warp_net.backbone.enc_blocks.0.dw_chain.4.bn.running_mean----
Missing Keys: ----backbone.neuro_net.1.warp_net.backbone.enc_blocks.0.dw_chain.4.bn.running_var----
Missing Keys: ----backbone.neuro_net.1.warp_net.backbone.enc_blocks.0.dw_chain.5.conv.weight----
Missing Keys: ----backbone.neuro_net.1.warp_net.backbone.enc_blocks.0.dw_chain.5.bn.weight----
Missing Keys: ----backbone.neuro_net.1.warp_net.backbone.enc_blocks.0.dw_chain.5.bn.bias----
Missing Keys: ----backbone.neuro_net.1.warp_net.backbone.enc_blocks.0.dw_chain.5.bn.running_mean----
Missing Keys: ----backbone.neuro_net.1.warp_net.backbone.enc_blocks.0.dw_chain.5.bn.running_var----
Missing Keys: ----backbone.neuro_net.1.warp_net.backbone.enc_blocks.0.dw_chain.6.conv.weight----
Missing Keys: ----backbone.neuro_net.1.warp_net.backbone.enc_blocks.0.dw_chain.6.bn.weight----
Missing Keys: ----backbone.neuro_net.1.warp_net.backbone.enc_blocks.0.dw_chain.6.bn.bias----
Missing Keys: ----backbone.neuro_net.1.warp_net.backbone.enc_blocks.0.dw_chain.6.bn.running_mean----
Missing Keys: ----backbone.neuro_net.1.warp_net.backbone.enc_blocks.0.dw_chain.6.bn.running_var----
Missing Keys: ----backbone.neuro_net.1.warp_net.backbone.enc_blocks.0.pw2.conv.weight----
Missing Keys: ----backbone.neuro_net.1.warp_net.backbone.enc_blocks.0.pw2.bn.weight----
Missing Keys: ----backbone.neuro_net.1.warp_net.backbone.enc_blocks.0.pw2.bn.bias----
Missing Keys: ----backbone.neuro_net.1.warp_net.backbone.enc_blocks.0.pw2.bn.running_mean----
Missing Keys: ----backbone.neuro_net.1.warp_net.backbone.enc_blocks.0.pw2.bn.running_var----
Missing Keys: ----backbone.neuro_net.1.warp_net.backbone.enc_blocks.1.pw1.conv.weight----
Missing Keys: ----backbone.neuro_net.1.warp_net.backbone.enc_blocks.1.pw1.bn.weight----
Missing Keys: ----backbone.neuro_net.1.warp_net.backbone.enc_blocks.1.pw1.bn.bias----
Missing Keys: ----backbone.neuro_net.1.warp_net.backbone.enc_blocks.1.pw1.bn.running_mean----
Missing Keys: ----backbone.neuro_net.1.warp_net.backbone.enc_blocks.1.pw1.bn.running_var----
Missing Keys: ----backbone.neuro_net.1.warp_net.backbone.enc_blocks.1.dw_chain.0.conv.weight----
Missing Keys: ----backbone.neuro_net.1.warp_net.backbone.enc_blocks.1.dw_chain.0.bn.weight----
Missing Keys: ----backbone.neuro_net.1.warp_net.backbone.enc_blocks.1.dw_chain.0.bn.bias----
Missing Keys: ----backbone.neuro_net.1.warp_net.backbone.enc_blocks.1.dw_chain.0.bn.running_mean----
Missing Keys: ----backbone.neuro_net.1.warp_net.backbone.enc_blocks.1.dw_chain.0.bn.running_var----
Missing Keys: ----backbone.neuro_net.1.warp_net.backbone.enc_blocks.1.dw_chain.1.conv.weight----
Missing Keys: ----backbone.neuro_net.1.warp_net.backbone.enc_blocks.1.dw_chain.1.bn.weight----
Missing Keys: ----backbone.neuro_net.1.warp_net.backbone.enc_blocks.1.dw_chain.1.bn.bias----
Missing Keys: ----backbone.neuro_net.1.warp_net.backbone.enc_blocks.1.dw_chain.1.bn.running_mean----
Missing Keys: ----backbone.neuro_net.1.warp_net.backbone.enc_blocks.1.dw_chain.1.bn.running_var----
Missing Keys: ----backbone.neuro_net.1.warp_net.backbone.enc_blocks.1.dw_chain.2.conv.weight----
Missing Keys: ----backbone.neuro_net.1.warp_net.backbone.enc_blocks.1.dw_chain.2.bn.weight----
Missing Keys: ----backbone.neuro_net.1.warp_net.backbone.enc_blocks.1.dw_chain.2.bn.bias----
Missing Keys: ----backbone.neuro_net.1.warp_net.backbone.enc_blocks.1.dw_chain.2.bn.running_mean----
Missing Keys: ----backbone.neuro_net.1.warp_net.backbone.enc_blocks.1.dw_chain.2.bn.running_var----
Missing Keys: ----backbone.neuro_net.1.warp_net.backbone.enc_blocks.1.dw_chain.3.conv.weight----
Missing Keys: ----backbone.neuro_net.1.warp_net.backbone.enc_blocks.1.dw_chain.3.bn.weight----
Missing Keys: ----backbone.neuro_net.1.warp_net.backbone.enc_blocks.1.dw_chain.3.bn.bias----
Missing Keys: ----backbone.neuro_net.1.warp_net.backbone.enc_blocks.1.dw_chain.3.bn.running_mean----
Missing Keys: ----backbone.neuro_net.1.warp_net.backbone.enc_blocks.1.dw_chain.3.bn.running_var----
Missing Keys: ----backbone.neuro_net.1.warp_net.backbone.enc_blocks.1.dw_chain.4.conv.weight----
Missing Keys: ----backbone.neuro_net.1.warp_net.backbone.enc_blocks.1.dw_chain.4.bn.weight----
Missing Keys: ----backbone.neuro_net.1.warp_net.backbone.enc_blocks.1.dw_chain.4.bn.bias----
Missing Keys: ----backbone.neuro_net.1.warp_net.backbone.enc_blocks.1.dw_chain.4.bn.running_mean----
Missing Keys: ----backbone.neuro_net.1.warp_net.backbone.enc_blocks.1.dw_chain.4.bn.running_var----
Missing Keys: ----backbone.neuro_net.1.warp_net.backbone.enc_blocks.1.dw_chain.5.conv.weight----
Missing Keys: ----backbone.neuro_net.1.warp_net.backbone.enc_blocks.1.dw_chain.5.bn.weight----
Missing Keys: ----backbone.neuro_net.1.warp_net.backbone.enc_blocks.1.dw_chain.5.bn.bias----
Missing Keys: ----backbone.neuro_net.1.warp_net.backbone.enc_blocks.1.dw_chain.5.bn.running_mean----
Missing Keys: ----backbone.neuro_net.1.warp_net.backbone.enc_blocks.1.dw_chain.5.bn.running_var----
Missing Keys: ----backbone.neuro_net.1.warp_net.backbone.enc_blocks.1.dw_chain.6.conv.weight----
Missing Keys: ----backbone.neuro_net.1.warp_net.backbone.enc_blocks.1.dw_chain.6.bn.weight----
Missing Keys: ----backbone.neuro_net.1.warp_net.backbone.enc_blocks.1.dw_chain.6.bn.bias----
Missing Keys: ----backbone.neuro_net.1.warp_net.backbone.enc_blocks.1.dw_chain.6.bn.running_mean----
Missing Keys: ----backbone.neuro_net.1.warp_net.backbone.enc_blocks.1.dw_chain.6.bn.running_var----
Missing Keys: ----backbone.neuro_net.1.warp_net.backbone.enc_blocks.1.pw2.conv.weight----
Missing Keys: ----backbone.neuro_net.1.warp_net.backbone.enc_blocks.1.pw2.bn.weight----
Missing Keys: ----backbone.neuro_net.1.warp_net.backbone.enc_blocks.1.pw2.bn.bias----
Missing Keys: ----backbone.neuro_net.1.warp_net.backbone.enc_blocks.1.pw2.bn.running_mean----
Missing Keys: ----backbone.neuro_net.1.warp_net.backbone.enc_blocks.1.pw2.bn.running_var----
Missing Keys: ----backbone.neuro_net.1.warp_net.backbone.enc_blocks.2.pw1.conv.weight----
Missing Keys: ----backbone.neuro_net.1.warp_net.backbone.enc_blocks.2.pw1.bn.weight----
Missing Keys: ----backbone.neuro_net.1.warp_net.backbone.enc_blocks.2.pw1.bn.bias----
Missing Keys: ----backbone.neuro_net.1.warp_net.backbone.enc_blocks.2.pw1.bn.running_mean----
Missing Keys: ----backbone.neuro_net.1.warp_net.backbone.enc_blocks.2.pw1.bn.running_var----
Missing Keys: ----backbone.neuro_net.1.warp_net.backbone.enc_blocks.2.dw_chain.0.conv.weight----
Missing Keys: ----backbone.neuro_net.1.warp_net.backbone.enc_blocks.2.dw_chain.0.bn.weight----
Missing Keys: ----backbone.neuro_net.1.warp_net.backbone.enc_blocks.2.dw_chain.0.bn.bias----
Missing Keys: ----backbone.neuro_net.1.warp_net.backbone.enc_blocks.2.dw_chain.0.bn.running_mean----
Missing Keys: ----backbone.neuro_net.1.warp_net.backbone.enc_blocks.2.dw_chain.0.bn.running_var----
Missing Keys: ----backbone.neuro_net.1.warp_net.backbone.enc_blocks.2.dw_chain.1.conv.weight----
Missing Keys: ----backbone.neuro_net.1.warp_net.backbone.enc_blocks.2.dw_chain.1.bn.weight----
Missing Keys: ----backbone.neuro_net.1.warp_net.backbone.enc_blocks.2.dw_chain.1.bn.bias----
Missing Keys: ----backbone.neuro_net.1.warp_net.backbone.enc_blocks.2.dw_chain.1.bn.running_mean----
Missing Keys: ----backbone.neuro_net.1.warp_net.backbone.enc_blocks.2.dw_chain.1.bn.running_var----
Missing Keys: ----backbone.neuro_net.1.warp_net.backbone.enc_blocks.2.dw_chain.2.conv.weight----
Missing Keys: ----backbone.neuro_net.1.warp_net.backbone.enc_blocks.2.dw_chain.2.bn.weight----
Missing Keys: ----backbone.neuro_net.1.warp_net.backbone.enc_blocks.2.dw_chain.2.bn.bias----
Missing Keys: ----backbone.neuro_net.1.warp_net.backbone.enc_blocks.2.dw_chain.2.bn.running_mean----
Missing Keys: ----backbone.neuro_net.1.warp_net.backbone.enc_blocks.2.dw_chain.2.bn.running_var----
Missing Keys: ----backbone.neuro_net.1.warp_net.backbone.enc_blocks.2.dw_chain.3.conv.weight----
Missing Keys: ----backbone.neuro_net.1.warp_net.backbone.enc_blocks.2.dw_chain.3.bn.weight----
Missing Keys: ----backbone.neuro_net.1.warp_net.backbone.enc_blocks.2.dw_chain.3.bn.bias----
Missing Keys: ----backbone.neuro_net.1.warp_net.backbone.enc_blocks.2.dw_chain.3.bn.running_mean----
Missing Keys: ----backbone.neuro_net.1.warp_net.backbone.enc_blocks.2.dw_chain.3.bn.running_var----
Missing Keys: ----backbone.neuro_net.1.warp_net.backbone.enc_blocks.2.dw_chain.4.conv.weight----
Missing Keys: ----backbone.neuro_net.1.warp_net.backbone.enc_blocks.2.dw_chain.4.bn.weight----
Missing Keys: ----backbone.neuro_net.1.warp_net.backbone.enc_blocks.2.dw_chain.4.bn.bias----
Missing Keys: ----backbone.neuro_net.1.warp_net.backbone.enc_blocks.2.dw_chain.4.bn.running_mean----
Missing Keys: ----backbone.neuro_net.1.warp_net.backbone.enc_blocks.2.dw_chain.4.bn.running_var----
Missing Keys: ----backbone.neuro_net.1.warp_net.backbone.enc_blocks.2.dw_chain.5.conv.weight----
Missing Keys: ----backbone.neuro_net.1.warp_net.backbone.enc_blocks.2.dw_chain.5.bn.weight----
Missing Keys: ----backbone.neuro_net.1.warp_net.backbone.enc_blocks.2.dw_chain.5.bn.bias----
Missing Keys: ----backbone.neuro_net.1.warp_net.backbone.enc_blocks.2.dw_chain.5.bn.running_mean----
Missing Keys: ----backbone.neuro_net.1.warp_net.backbone.enc_blocks.2.dw_chain.5.bn.running_var----
Missing Keys: ----backbone.neuro_net.1.warp_net.backbone.enc_blocks.2.dw_chain.6.conv.weight----
Missing Keys: ----backbone.neuro_net.1.warp_net.backbone.enc_blocks.2.dw_chain.6.bn.weight----
Missing Keys: ----backbone.neuro_net.1.warp_net.backbone.enc_blocks.2.dw_chain.6.bn.bias----
Missing Keys: ----backbone.neuro_net.1.warp_net.backbone.enc_blocks.2.dw_chain.6.bn.running_mean----
Missing Keys: ----backbone.neuro_net.1.warp_net.backbone.enc_blocks.2.dw_chain.6.bn.running_var----
Missing Keys: ----backbone.neuro_net.1.warp_net.backbone.enc_blocks.2.pw2.conv.weight----
Missing Keys: ----backbone.neuro_net.1.warp_net.backbone.enc_blocks.2.pw2.bn.weight----
Missing Keys: ----backbone.neuro_net.1.warp_net.backbone.enc_blocks.2.pw2.bn.bias----
Missing Keys: ----backbone.neuro_net.1.warp_net.backbone.enc_blocks.2.pw2.bn.running_mean----
Missing Keys: ----backbone.neuro_net.1.warp_net.backbone.enc_blocks.2.pw2.bn.running_var----
Missing Keys: ----backbone.neuro_net.1.warp_net.backbone.enc_blocks.3.pw1.conv.weight----
Missing Keys: ----backbone.neuro_net.1.warp_net.backbone.enc_blocks.3.pw1.bn.weight----
Missing Keys: ----backbone.neuro_net.1.warp_net.backbone.enc_blocks.3.pw1.bn.bias----
Missing Keys: ----backbone.neuro_net.1.warp_net.backbone.enc_blocks.3.pw1.bn.running_mean----
Missing Keys: ----backbone.neuro_net.1.warp_net.backbone.enc_blocks.3.pw1.bn.running_var----
Missing Keys: ----backbone.neuro_net.1.warp_net.backbone.enc_blocks.3.dw_chain.0.conv.weight----
Missing Keys: ----backbone.neuro_net.1.warp_net.backbone.enc_blocks.3.dw_chain.0.bn.weight----
Missing Keys: ----backbone.neuro_net.1.warp_net.backbone.enc_blocks.3.dw_chain.0.bn.bias----
Missing Keys: ----backbone.neuro_net.1.warp_net.backbone.enc_blocks.3.dw_chain.0.bn.running_mean----
Missing Keys: ----backbone.neuro_net.1.warp_net.backbone.enc_blocks.3.dw_chain.0.bn.running_var----
Missing Keys: ----backbone.neuro_net.1.warp_net.backbone.enc_blocks.3.dw_chain.1.conv.weight----
Missing Keys: ----backbone.neuro_net.1.warp_net.backbone.enc_blocks.3.dw_chain.1.bn.weight----
Missing Keys: ----backbone.neuro_net.1.warp_net.backbone.enc_blocks.3.dw_chain.1.bn.bias----
Missing Keys: ----backbone.neuro_net.1.warp_net.backbone.enc_blocks.3.dw_chain.1.bn.running_mean----
Missing Keys: ----backbone.neuro_net.1.warp_net.backbone.enc_blocks.3.dw_chain.1.bn.running_var----
Missing Keys: ----backbone.neuro_net.1.warp_net.backbone.enc_blocks.3.dw_chain.2.conv.weight----
Missing Keys: ----backbone.neuro_net.1.warp_net.backbone.enc_blocks.3.dw_chain.2.bn.weight----
Missing Keys: ----backbone.neuro_net.1.warp_net.backbone.enc_blocks.3.dw_chain.2.bn.bias----
Missing Keys: ----backbone.neuro_net.1.warp_net.backbone.enc_blocks.3.dw_chain.2.bn.running_mean----
Missing Keys: ----backbone.neuro_net.1.warp_net.backbone.enc_blocks.3.dw_chain.2.bn.running_var----
Missing Keys: ----backbone.neuro_net.1.warp_net.backbone.enc_blocks.3.dw_chain.3.conv.weight----
Missing Keys: ----backbone.neuro_net.1.warp_net.backbone.enc_blocks.3.dw_chain.3.bn.weight----
Missing Keys: ----backbone.neuro_net.1.warp_net.backbone.enc_blocks.3.dw_chain.3.bn.bias----
Missing Keys: ----backbone.neuro_net.1.warp_net.backbone.enc_blocks.3.dw_chain.3.bn.running_mean----
Missing Keys: ----backbone.neuro_net.1.warp_net.backbone.enc_blocks.3.dw_chain.3.bn.running_var----
Missing Keys: ----backbone.neuro_net.1.warp_net.backbone.enc_blocks.3.dw_chain.4.conv.weight----
Missing Keys: ----backbone.neuro_net.1.warp_net.backbone.enc_blocks.3.dw_chain.4.bn.weight----
Missing Keys: ----backbone.neuro_net.1.warp_net.backbone.enc_blocks.3.dw_chain.4.bn.bias----
Missing Keys: ----backbone.neuro_net.1.warp_net.backbone.enc_blocks.3.dw_chain.4.bn.running_mean----
Missing Keys: ----backbone.neuro_net.1.warp_net.backbone.enc_blocks.3.dw_chain.4.bn.running_var----
Missing Keys: ----backbone.neuro_net.1.warp_net.backbone.enc_blocks.3.dw_chain.5.conv.weight----
Missing Keys: ----backbone.neuro_net.1.warp_net.backbone.enc_blocks.3.dw_chain.5.bn.weight----
Missing Keys: ----backbone.neuro_net.1.warp_net.backbone.enc_blocks.3.dw_chain.5.bn.bias----
Missing Keys: ----backbone.neuro_net.1.warp_net.backbone.enc_blocks.3.dw_chain.5.bn.running_mean----
Missing Keys: ----backbone.neuro_net.1.warp_net.backbone.enc_blocks.3.dw_chain.5.bn.running_var----
Missing Keys: ----backbone.neuro_net.1.warp_net.backbone.enc_blocks.3.dw_chain.6.conv.weight----
Missing Keys: ----backbone.neuro_net.1.warp_net.backbone.enc_blocks.3.dw_chain.6.bn.weight----
Missing Keys: ----backbone.neuro_net.1.warp_net.backbone.enc_blocks.3.dw_chain.6.bn.bias----
Missing Keys: ----backbone.neuro_net.1.warp_net.backbone.enc_blocks.3.dw_chain.6.bn.running_mean----
Missing Keys: ----backbone.neuro_net.1.warp_net.backbone.enc_blocks.3.dw_chain.6.bn.running_var----
Missing Keys: ----backbone.neuro_net.1.warp_net.backbone.enc_blocks.3.pw2.conv.weight----
Missing Keys: ----backbone.neuro_net.1.warp_net.backbone.enc_blocks.3.pw2.bn.weight----
Missing Keys: ----backbone.neuro_net.1.warp_net.backbone.enc_blocks.3.pw2.bn.bias----
Missing Keys: ----backbone.neuro_net.1.warp_net.backbone.enc_blocks.3.pw2.bn.running_mean----
Missing Keys: ----backbone.neuro_net.1.warp_net.backbone.enc_blocks.3.pw2.bn.running_var----
Missing Keys: ----backbone.neuro_net.1.warp_net.backbone.bottleneck.pw1.conv.weight----
Missing Keys: ----backbone.neuro_net.1.warp_net.backbone.bottleneck.pw1.bn.weight----
Missing Keys: ----backbone.neuro_net.1.warp_net.backbone.bottleneck.pw1.bn.bias----
Missing Keys: ----backbone.neuro_net.1.warp_net.backbone.bottleneck.pw1.bn.running_mean----
Missing Keys: ----backbone.neuro_net.1.warp_net.backbone.bottleneck.pw1.bn.running_var----
Missing Keys: ----backbone.neuro_net.1.warp_net.backbone.bottleneck.dw_chain.0.conv.weight----
Missing Keys: ----backbone.neuro_net.1.warp_net.backbone.bottleneck.dw_chain.0.bn.weight----
Missing Keys: ----backbone.neuro_net.1.warp_net.backbone.bottleneck.dw_chain.0.bn.bias----
Missing Keys: ----backbone.neuro_net.1.warp_net.backbone.bottleneck.dw_chain.0.bn.running_mean----
Missing Keys: ----backbone.neuro_net.1.warp_net.backbone.bottleneck.dw_chain.0.bn.running_var----
Missing Keys: ----backbone.neuro_net.1.warp_net.backbone.bottleneck.dw_chain.1.conv.weight----
Missing Keys: ----backbone.neuro_net.1.warp_net.backbone.bottleneck.dw_chain.1.bn.weight----
Missing Keys: ----backbone.neuro_net.1.warp_net.backbone.bottleneck.dw_chain.1.bn.bias----
Missing Keys: ----backbone.neuro_net.1.warp_net.backbone.bottleneck.dw_chain.1.bn.running_mean----
Missing Keys: ----backbone.neuro_net.1.warp_net.backbone.bottleneck.dw_chain.1.bn.running_var----
Missing Keys: ----backbone.neuro_net.1.warp_net.backbone.bottleneck.dw_chain.2.conv.weight----
Missing Keys: ----backbone.neuro_net.1.warp_net.backbone.bottleneck.dw_chain.2.bn.weight----
Missing Keys: ----backbone.neuro_net.1.warp_net.backbone.bottleneck.dw_chain.2.bn.bias----
Missing Keys: ----backbone.neuro_net.1.warp_net.backbone.bottleneck.dw_chain.2.bn.running_mean----
Missing Keys: ----backbone.neuro_net.1.warp_net.backbone.bottleneck.dw_chain.2.bn.running_var----
Missing Keys: ----backbone.neuro_net.1.warp_net.backbone.bottleneck.dw_chain.3.conv.weight----
Missing Keys: ----backbone.neuro_net.1.warp_net.backbone.bottleneck.dw_chain.3.bn.weight----
Missing Keys: ----backbone.neuro_net.1.warp_net.backbone.bottleneck.dw_chain.3.bn.bias----
Missing Keys: ----backbone.neuro_net.1.warp_net.backbone.bottleneck.dw_chain.3.bn.running_mean----
Missing Keys: ----backbone.neuro_net.1.warp_net.backbone.bottleneck.dw_chain.3.bn.running_var----
Missing Keys: ----backbone.neuro_net.1.warp_net.backbone.bottleneck.dw_chain.4.conv.weight----
Missing Keys: ----backbone.neuro_net.1.warp_net.backbone.bottleneck.dw_chain.4.bn.weight----
Missing Keys: ----backbone.neuro_net.1.warp_net.backbone.bottleneck.dw_chain.4.bn.bias----
Missing Keys: ----backbone.neuro_net.1.warp_net.backbone.bottleneck.dw_chain.4.bn.running_mean----
Missing Keys: ----backbone.neuro_net.1.warp_net.backbone.bottleneck.dw_chain.4.bn.running_var----
Missing Keys: ----backbone.neuro_net.1.warp_net.backbone.bottleneck.dw_chain.5.conv.weight----
Missing Keys: ----backbone.neuro_net.1.warp_net.backbone.bottleneck.dw_chain.5.bn.weight----
Missing Keys: ----backbone.neuro_net.1.warp_net.backbone.bottleneck.dw_chain.5.bn.bias----
Missing Keys: ----backbone.neuro_net.1.warp_net.backbone.bottleneck.dw_chain.5.bn.running_mean----
Missing Keys: ----backbone.neuro_net.1.warp_net.backbone.bottleneck.dw_chain.5.bn.running_var----
Missing Keys: ----backbone.neuro_net.1.warp_net.backbone.bottleneck.dw_chain.6.conv.weight----
Missing Keys: ----backbone.neuro_net.1.warp_net.backbone.bottleneck.dw_chain.6.bn.weight----
Missing Keys: ----backbone.neuro_net.1.warp_net.backbone.bottleneck.dw_chain.6.bn.bias----
Missing Keys: ----backbone.neuro_net.1.warp_net.backbone.bottleneck.dw_chain.6.bn.running_mean----
Missing Keys: ----backbone.neuro_net.1.warp_net.backbone.bottleneck.dw_chain.6.bn.running_var----
Missing Keys: ----backbone.neuro_net.1.warp_net.backbone.bottleneck.pw2.conv.weight----
Missing Keys: ----backbone.neuro_net.1.warp_net.backbone.bottleneck.pw2.bn.weight----
Missing Keys: ----backbone.neuro_net.1.warp_net.backbone.bottleneck.pw2.bn.bias----
Missing Keys: ----backbone.neuro_net.1.warp_net.backbone.bottleneck.pw2.bn.running_mean----
Missing Keys: ----backbone.neuro_net.1.warp_net.backbone.bottleneck.pw2.bn.running_var----
Missing Keys: ----backbone.neuro_net.1.warp_net.backbone.dec_blocks.0.pw1.conv.weight----
Missing Keys: ----backbone.neuro_net.1.warp_net.backbone.dec_blocks.0.pw1.bn.weight----
Missing Keys: ----backbone.neuro_net.1.warp_net.backbone.dec_blocks.0.pw1.bn.bias----
Missing Keys: ----backbone.neuro_net.1.warp_net.backbone.dec_blocks.0.pw1.bn.running_mean----
Missing Keys: ----backbone.neuro_net.1.warp_net.backbone.dec_blocks.0.pw1.bn.running_var----
Missing Keys: ----backbone.neuro_net.1.warp_net.backbone.dec_blocks.0.dw_chain.0.conv.weight----
Missing Keys: ----backbone.neuro_net.1.warp_net.backbone.dec_blocks.0.dw_chain.0.bn.weight----
Missing Keys: ----backbone.neuro_net.1.warp_net.backbone.dec_blocks.0.dw_chain.0.bn.bias----
Missing Keys: ----backbone.neuro_net.1.warp_net.backbone.dec_blocks.0.dw_chain.0.bn.running_mean----
Missing Keys: ----backbone.neuro_net.1.warp_net.backbone.dec_blocks.0.dw_chain.0.bn.running_var----
Missing Keys: ----backbone.neuro_net.1.warp_net.backbone.dec_blocks.0.dw_chain.1.conv.weight----
Missing Keys: ----backbone.neuro_net.1.warp_net.backbone.dec_blocks.0.dw_chain.1.bn.weight----
Missing Keys: ----backbone.neuro_net.1.warp_net.backbone.dec_blocks.0.dw_chain.1.bn.bias----
Missing Keys: ----backbone.neuro_net.1.warp_net.backbone.dec_blocks.0.dw_chain.1.bn.running_mean----
Missing Keys: ----backbone.neuro_net.1.warp_net.backbone.dec_blocks.0.dw_chain.1.bn.running_var----
Missing Keys: ----backbone.neuro_net.1.warp_net.backbone.dec_blocks.0.dw_chain.2.conv.weight----
Missing Keys: ----backbone.neuro_net.1.warp_net.backbone.dec_blocks.0.dw_chain.2.bn.weight----
Missing Keys: ----backbone.neuro_net.1.warp_net.backbone.dec_blocks.0.dw_chain.2.bn.bias----
Missing Keys: ----backbone.neuro_net.1.warp_net.backbone.dec_blocks.0.dw_chain.2.bn.running_mean----
Missing Keys: ----backbone.neuro_net.1.warp_net.backbone.dec_blocks.0.dw_chain.2.bn.running_var----
Missing Keys: ----backbone.neuro_net.1.warp_net.backbone.dec_blocks.0.dw_chain.3.conv.weight----
Missing Keys: ----backbone.neuro_net.1.warp_net.backbone.dec_blocks.0.dw_chain.3.bn.weight----
Missing Keys: ----backbone.neuro_net.1.warp_net.backbone.dec_blocks.0.dw_chain.3.bn.bias----
Missing Keys: ----backbone.neuro_net.1.warp_net.backbone.dec_blocks.0.dw_chain.3.bn.running_mean----
Missing Keys: ----backbone.neuro_net.1.warp_net.backbone.dec_blocks.0.dw_chain.3.bn.running_var----
Missing Keys: ----backbone.neuro_net.1.warp_net.backbone.dec_blocks.0.dw_chain.4.conv.weight----
Missing Keys: ----backbone.neuro_net.1.warp_net.backbone.dec_blocks.0.dw_chain.4.bn.weight----
Missing Keys: ----backbone.neuro_net.1.warp_net.backbone.dec_blocks.0.dw_chain.4.bn.bias----
Missing Keys: ----backbone.neuro_net.1.warp_net.backbone.dec_blocks.0.dw_chain.4.bn.running_mean----
Missing Keys: ----backbone.neuro_net.1.warp_net.backbone.dec_blocks.0.dw_chain.4.bn.running_var----
Missing Keys: ----backbone.neuro_net.1.warp_net.backbone.dec_blocks.0.dw_chain.5.conv.weight----
Missing Keys: ----backbone.neuro_net.1.warp_net.backbone.dec_blocks.0.dw_chain.5.bn.weight----
Missing Keys: ----backbone.neuro_net.1.warp_net.backbone.dec_blocks.0.dw_chain.5.bn.bias----
Missing Keys: ----backbone.neuro_net.1.warp_net.backbone.dec_blocks.0.dw_chain.5.bn.running_mean----
Missing Keys: ----backbone.neuro_net.1.warp_net.backbone.dec_blocks.0.dw_chain.5.bn.running_var----
Missing Keys: ----backbone.neuro_net.1.warp_net.backbone.dec_blocks.0.dw_chain.6.conv.weight----
Missing Keys: ----backbone.neuro_net.1.warp_net.backbone.dec_blocks.0.dw_chain.6.bn.weight----
Missing Keys: ----backbone.neuro_net.1.warp_net.backbone.dec_blocks.0.dw_chain.6.bn.bias----
Missing Keys: ----backbone.neuro_net.1.warp_net.backbone.dec_blocks.0.dw_chain.6.bn.running_mean----
Missing Keys: ----backbone.neuro_net.1.warp_net.backbone.dec_blocks.0.dw_chain.6.bn.running_var----
Missing Keys: ----backbone.neuro_net.1.warp_net.backbone.dec_blocks.0.pw2.conv.weight----
Missing Keys: ----backbone.neuro_net.1.warp_net.backbone.dec_blocks.0.pw2.bn.weight----
Missing Keys: ----backbone.neuro_net.1.warp_net.backbone.dec_blocks.0.pw2.bn.bias----
Missing Keys: ----backbone.neuro_net.1.warp_net.backbone.dec_blocks.0.pw2.bn.running_mean----
Missing Keys: ----backbone.neuro_net.1.warp_net.backbone.dec_blocks.0.pw2.bn.running_var----
Missing Keys: ----backbone.neuro_net.1.warp_net.backbone.dec_blocks.1.pw1.conv.weight----
Missing Keys: ----backbone.neuro_net.1.warp_net.backbone.dec_blocks.1.pw1.bn.weight----
Missing Keys: ----backbone.neuro_net.1.warp_net.backbone.dec_blocks.1.pw1.bn.bias----
Missing Keys: ----backbone.neuro_net.1.warp_net.backbone.dec_blocks.1.pw1.bn.running_mean----
Missing Keys: ----backbone.neuro_net.1.warp_net.backbone.dec_blocks.1.pw1.bn.running_var----
Missing Keys: ----backbone.neuro_net.1.warp_net.backbone.dec_blocks.1.dw_chain.0.conv.weight----
Missing Keys: ----backbone.neuro_net.1.warp_net.backbone.dec_blocks.1.dw_chain.0.bn.weight----
Missing Keys: ----backbone.neuro_net.1.warp_net.backbone.dec_blocks.1.dw_chain.0.bn.bias----
Missing Keys: ----backbone.neuro_net.1.warp_net.backbone.dec_blocks.1.dw_chain.0.bn.running_mean----
Missing Keys: ----backbone.neuro_net.1.warp_net.backbone.dec_blocks.1.dw_chain.0.bn.running_var----
Missing Keys: ----backbone.neuro_net.1.warp_net.backbone.dec_blocks.1.dw_chain.1.conv.weight----
Missing Keys: ----backbone.neuro_net.1.warp_net.backbone.dec_blocks.1.dw_chain.1.bn.weight----
Missing Keys: ----backbone.neuro_net.1.warp_net.backbone.dec_blocks.1.dw_chain.1.bn.bias----
Missing Keys: ----backbone.neuro_net.1.warp_net.backbone.dec_blocks.1.dw_chain.1.bn.running_mean----
Missing Keys: ----backbone.neuro_net.1.warp_net.backbone.dec_blocks.1.dw_chain.1.bn.running_var----
Missing Keys: ----backbone.neuro_net.1.warp_net.backbone.dec_blocks.1.dw_chain.2.conv.weight----
Missing Keys: ----backbone.neuro_net.1.warp_net.backbone.dec_blocks.1.dw_chain.2.bn.weight----
Missing Keys: ----backbone.neuro_net.1.warp_net.backbone.dec_blocks.1.dw_chain.2.bn.bias----
Missing Keys: ----backbone.neuro_net.1.warp_net.backbone.dec_blocks.1.dw_chain.2.bn.running_mean----
Missing Keys: ----backbone.neuro_net.1.warp_net.backbone.dec_blocks.1.dw_chain.2.bn.running_var----
Missing Keys: ----backbone.neuro_net.1.warp_net.backbone.dec_blocks.1.dw_chain.3.conv.weight----
Missing Keys: ----backbone.neuro_net.1.warp_net.backbone.dec_blocks.1.dw_chain.3.bn.weight----
Missing Keys: ----backbone.neuro_net.1.warp_net.backbone.dec_blocks.1.dw_chain.3.bn.bias----
Missing Keys: ----backbone.neuro_net.1.warp_net.backbone.dec_blocks.1.dw_chain.3.bn.running_mean----
Missing Keys: ----backbone.neuro_net.1.warp_net.backbone.dec_blocks.1.dw_chain.3.bn.running_var----
Missing Keys: ----backbone.neuro_net.1.warp_net.backbone.dec_blocks.1.dw_chain.4.conv.weight----
Missing Keys: ----backbone.neuro_net.1.warp_net.backbone.dec_blocks.1.dw_chain.4.bn.weight----
Missing Keys: ----backbone.neuro_net.1.warp_net.backbone.dec_blocks.1.dw_chain.4.bn.bias----
Missing Keys: ----backbone.neuro_net.1.warp_net.backbone.dec_blocks.1.dw_chain.4.bn.running_mean----
Missing Keys: ----backbone.neuro_net.1.warp_net.backbone.dec_blocks.1.dw_chain.4.bn.running_var----
Missing Keys: ----backbone.neuro_net.1.warp_net.backbone.dec_blocks.1.dw_chain.5.conv.weight----
Missing Keys: ----backbone.neuro_net.1.warp_net.backbone.dec_blocks.1.dw_chain.5.bn.weight----
Missing Keys: ----backbone.neuro_net.1.warp_net.backbone.dec_blocks.1.dw_chain.5.bn.bias----
Missing Keys: ----backbone.neuro_net.1.warp_net.backbone.dec_blocks.1.dw_chain.5.bn.running_mean----
Missing Keys: ----backbone.neuro_net.1.warp_net.backbone.dec_blocks.1.dw_chain.5.bn.running_var----
Missing Keys: ----backbone.neuro_net.1.warp_net.backbone.dec_blocks.1.dw_chain.6.conv.weight----
Missing Keys: ----backbone.neuro_net.1.warp_net.backbone.dec_blocks.1.dw_chain.6.bn.weight----
Missing Keys: ----backbone.neuro_net.1.warp_net.backbone.dec_blocks.1.dw_chain.6.bn.bias----
Missing Keys: ----backbone.neuro_net.1.warp_net.backbone.dec_blocks.1.dw_chain.6.bn.running_mean----
Missing Keys: ----backbone.neuro_net.1.warp_net.backbone.dec_blocks.1.dw_chain.6.bn.running_var----
Missing Keys: ----backbone.neuro_net.1.warp_net.backbone.dec_blocks.1.pw2.conv.weight----
Missing Keys: ----backbone.neuro_net.1.warp_net.backbone.dec_blocks.1.pw2.bn.weight----
Missing Keys: ----backbone.neuro_net.1.warp_net.backbone.dec_blocks.1.pw2.bn.bias----
Missing Keys: ----backbone.neuro_net.1.warp_net.backbone.dec_blocks.1.pw2.bn.running_mean----
Missing Keys: ----backbone.neuro_net.1.warp_net.backbone.dec_blocks.1.pw2.bn.running_var----
Missing Keys: ----backbone.neuro_net.1.warp_net.backbone.dec_blocks.2.pw1.conv.weight----
Missing Keys: ----backbone.neuro_net.1.warp_net.backbone.dec_blocks.2.pw1.bn.weight----
Missing Keys: ----backbone.neuro_net.1.warp_net.backbone.dec_blocks.2.pw1.bn.bias----
Missing Keys: ----backbone.neuro_net.1.warp_net.backbone.dec_blocks.2.pw1.bn.running_mean----
Missing Keys: ----backbone.neuro_net.1.warp_net.backbone.dec_blocks.2.pw1.bn.running_var----
Missing Keys: ----backbone.neuro_net.1.warp_net.backbone.dec_blocks.2.dw_chain.0.conv.weight----
Missing Keys: ----backbone.neuro_net.1.warp_net.backbone.dec_blocks.2.dw_chain.0.bn.weight----
Missing Keys: ----backbone.neuro_net.1.warp_net.backbone.dec_blocks.2.dw_chain.0.bn.bias----
Missing Keys: ----backbone.neuro_net.1.warp_net.backbone.dec_blocks.2.dw_chain.0.bn.running_mean----
Missing Keys: ----backbone.neuro_net.1.warp_net.backbone.dec_blocks.2.dw_chain.0.bn.running_var----
Missing Keys: ----backbone.neuro_net.1.warp_net.backbone.dec_blocks.2.dw_chain.1.conv.weight----
Missing Keys: ----backbone.neuro_net.1.warp_net.backbone.dec_blocks.2.dw_chain.1.bn.weight----
Missing Keys: ----backbone.neuro_net.1.warp_net.backbone.dec_blocks.2.dw_chain.1.bn.bias----
Missing Keys: ----backbone.neuro_net.1.warp_net.backbone.dec_blocks.2.dw_chain.1.bn.running_mean----
Missing Keys: ----backbone.neuro_net.1.warp_net.backbone.dec_blocks.2.dw_chain.1.bn.running_var----
Missing Keys: ----backbone.neuro_net.1.warp_net.backbone.dec_blocks.2.dw_chain.2.conv.weight----
Missing Keys: ----backbone.neuro_net.1.warp_net.backbone.dec_blocks.2.dw_chain.2.bn.weight----
Missing Keys: ----backbone.neuro_net.1.warp_net.backbone.dec_blocks.2.dw_chain.2.bn.bias----
Missing Keys: ----backbone.neuro_net.1.warp_net.backbone.dec_blocks.2.dw_chain.2.bn.running_mean----
Missing Keys: ----backbone.neuro_net.1.warp_net.backbone.dec_blocks.2.dw_chain.2.bn.running_var----
Missing Keys: ----backbone.neuro_net.1.warp_net.backbone.dec_blocks.2.dw_chain.3.conv.weight----
Missing Keys: ----backbone.neuro_net.1.warp_net.backbone.dec_blocks.2.dw_chain.3.bn.weight----
Missing Keys: ----backbone.neuro_net.1.warp_net.backbone.dec_blocks.2.dw_chain.3.bn.bias----
Missing Keys: ----backbone.neuro_net.1.warp_net.backbone.dec_blocks.2.dw_chain.3.bn.running_mean----
Missing Keys: ----backbone.neuro_net.1.warp_net.backbone.dec_blocks.2.dw_chain.3.bn.running_var----
Missing Keys: ----backbone.neuro_net.1.warp_net.backbone.dec_blocks.2.dw_chain.4.conv.weight----
Missing Keys: ----backbone.neuro_net.1.warp_net.backbone.dec_blocks.2.dw_chain.4.bn.weight----
Missing Keys: ----backbone.neuro_net.1.warp_net.backbone.dec_blocks.2.dw_chain.4.bn.bias----
Missing Keys: ----backbone.neuro_net.1.warp_net.backbone.dec_blocks.2.dw_chain.4.bn.running_mean----
Missing Keys: ----backbone.neuro_net.1.warp_net.backbone.dec_blocks.2.dw_chain.4.bn.running_var----
Missing Keys: ----backbone.neuro_net.1.warp_net.backbone.dec_blocks.2.dw_chain.5.conv.weight----
Missing Keys: ----backbone.neuro_net.1.warp_net.backbone.dec_blocks.2.dw_chain.5.bn.weight----
Missing Keys: ----backbone.neuro_net.1.warp_net.backbone.dec_blocks.2.dw_chain.5.bn.bias----
Missing Keys: ----backbone.neuro_net.1.warp_net.backbone.dec_blocks.2.dw_chain.5.bn.running_mean----
Missing Keys: ----backbone.neuro_net.1.warp_net.backbone.dec_blocks.2.dw_chain.5.bn.running_var----
Missing Keys: ----backbone.neuro_net.1.warp_net.backbone.dec_blocks.2.dw_chain.6.conv.weight----
Missing Keys: ----backbone.neuro_net.1.warp_net.backbone.dec_blocks.2.dw_chain.6.bn.weight----
Missing Keys: ----backbone.neuro_net.1.warp_net.backbone.dec_blocks.2.dw_chain.6.bn.bias----
Missing Keys: ----backbone.neuro_net.1.warp_net.backbone.dec_blocks.2.dw_chain.6.bn.running_mean----
Missing Keys: ----backbone.neuro_net.1.warp_net.backbone.dec_blocks.2.dw_chain.6.bn.running_var----
Missing Keys: ----backbone.neuro_net.1.warp_net.backbone.dec_blocks.2.pw2.conv.weight----
Missing Keys: ----backbone.neuro_net.1.warp_net.backbone.dec_blocks.2.pw2.bn.weight----
Missing Keys: ----backbone.neuro_net.1.warp_net.backbone.dec_blocks.2.pw2.bn.bias----
Missing Keys: ----backbone.neuro_net.1.warp_net.backbone.dec_blocks.2.pw2.bn.running_mean----
Missing Keys: ----backbone.neuro_net.1.warp_net.backbone.dec_blocks.2.pw2.bn.running_var----
Missing Keys: ----backbone.neuro_net.1.warp_net.backbone.dec_blocks.3.pw1.conv.weight----
Missing Keys: ----backbone.neuro_net.1.warp_net.backbone.dec_blocks.3.pw1.bn.weight----
Missing Keys: ----backbone.neuro_net.1.warp_net.backbone.dec_blocks.3.pw1.bn.bias----
Missing Keys: ----backbone.neuro_net.1.warp_net.backbone.dec_blocks.3.pw1.bn.running_mean----
Missing Keys: ----backbone.neuro_net.1.warp_net.backbone.dec_blocks.3.pw1.bn.running_var----
Missing Keys: ----backbone.neuro_net.1.warp_net.backbone.dec_blocks.3.dw_chain.0.conv.weight----
Missing Keys: ----backbone.neuro_net.1.warp_net.backbone.dec_blocks.3.dw_chain.0.bn.weight----
Missing Keys: ----backbone.neuro_net.1.warp_net.backbone.dec_blocks.3.dw_chain.0.bn.bias----
Missing Keys: ----backbone.neuro_net.1.warp_net.backbone.dec_blocks.3.dw_chain.0.bn.running_mean----
Missing Keys: ----backbone.neuro_net.1.warp_net.backbone.dec_blocks.3.dw_chain.0.bn.running_var----
Missing Keys: ----backbone.neuro_net.1.warp_net.backbone.dec_blocks.3.dw_chain.1.conv.weight----
Missing Keys: ----backbone.neuro_net.1.warp_net.backbone.dec_blocks.3.dw_chain.1.bn.weight----
Missing Keys: ----backbone.neuro_net.1.warp_net.backbone.dec_blocks.3.dw_chain.1.bn.bias----
Missing Keys: ----backbone.neuro_net.1.warp_net.backbone.dec_blocks.3.dw_chain.1.bn.running_mean----
Missing Keys: ----backbone.neuro_net.1.warp_net.backbone.dec_blocks.3.dw_chain.1.bn.running_var----
Missing Keys: ----backbone.neuro_net.1.warp_net.backbone.dec_blocks.3.dw_chain.2.conv.weight----
Missing Keys: ----backbone.neuro_net.1.warp_net.backbone.dec_blocks.3.dw_chain.2.bn.weight----
Missing Keys: ----backbone.neuro_net.1.warp_net.backbone.dec_blocks.3.dw_chain.2.bn.bias----
Missing Keys: ----backbone.neuro_net.1.warp_net.backbone.dec_blocks.3.dw_chain.2.bn.running_mean----
Missing Keys: ----backbone.neuro_net.1.warp_net.backbone.dec_blocks.3.dw_chain.2.bn.running_var----
Missing Keys: ----backbone.neuro_net.1.warp_net.backbone.dec_blocks.3.dw_chain.3.conv.weight----
Missing Keys: ----backbone.neuro_net.1.warp_net.backbone.dec_blocks.3.dw_chain.3.bn.weight----
Missing Keys: ----backbone.neuro_net.1.warp_net.backbone.dec_blocks.3.dw_chain.3.bn.bias----
Missing Keys: ----backbone.neuro_net.1.warp_net.backbone.dec_blocks.3.dw_chain.3.bn.running_mean----
Missing Keys: ----backbone.neuro_net.1.warp_net.backbone.dec_blocks.3.dw_chain.3.bn.running_var----
Missing Keys: ----backbone.neuro_net.1.warp_net.backbone.dec_blocks.3.dw_chain.4.conv.weight----
Missing Keys: ----backbone.neuro_net.1.warp_net.backbone.dec_blocks.3.dw_chain.4.bn.weight----
Missing Keys: ----backbone.neuro_net.1.warp_net.backbone.dec_blocks.3.dw_chain.4.bn.bias----
Missing Keys: ----backbone.neuro_net.1.warp_net.backbone.dec_blocks.3.dw_chain.4.bn.running_mean----
Missing Keys: ----backbone.neuro_net.1.warp_net.backbone.dec_blocks.3.dw_chain.4.bn.running_var----
Missing Keys: ----backbone.neuro_net.1.warp_net.backbone.dec_blocks.3.dw_chain.5.conv.weight----
Missing Keys: ----backbone.neuro_net.1.warp_net.backbone.dec_blocks.3.dw_chain.5.bn.weight----
Missing Keys: ----backbone.neuro_net.1.warp_net.backbone.dec_blocks.3.dw_chain.5.bn.bias----
Missing Keys: ----backbone.neuro_net.1.warp_net.backbone.dec_blocks.3.dw_chain.5.bn.running_mean----
Missing Keys: ----backbone.neuro_net.1.warp_net.backbone.dec_blocks.3.dw_chain.5.bn.running_var----
Missing Keys: ----backbone.neuro_net.1.warp_net.backbone.dec_blocks.3.dw_chain.6.conv.weight----
Missing Keys: ----backbone.neuro_net.1.warp_net.backbone.dec_blocks.3.dw_chain.6.bn.weight----
Missing Keys: ----backbone.neuro_net.1.warp_net.backbone.dec_blocks.3.dw_chain.6.bn.bias----
Missing Keys: ----backbone.neuro_net.1.warp_net.backbone.dec_blocks.3.dw_chain.6.bn.running_mean----
Missing Keys: ----backbone.neuro_net.1.warp_net.backbone.dec_blocks.3.dw_chain.6.bn.running_var----
Missing Keys: ----backbone.neuro_net.1.warp_net.backbone.dec_blocks.3.pw2.conv.weight----
Missing Keys: ----backbone.neuro_net.1.warp_net.backbone.dec_blocks.3.pw2.bn.weight----
Missing Keys: ----backbone.neuro_net.1.warp_net.backbone.dec_blocks.3.pw2.bn.bias----
Missing Keys: ----backbone.neuro_net.1.warp_net.backbone.dec_blocks.3.pw2.bn.running_mean----
Missing Keys: ----backbone.neuro_net.1.warp_net.backbone.dec_blocks.3.pw2.bn.running_var----
Missing Keys: ----backbone.neuro_net.1.warp_net.backbone.head.conv.weight----
Missing Keys: ----backbone.neuro_net.1.warp_net.backbone.head.bn.weight----
Missing Keys: ----backbone.neuro_net.1.warp_net.backbone.head.bn.bias----
Missing Keys: ----backbone.neuro_net.1.warp_net.backbone.head.bn.running_mean----
Missing Keys: ----backbone.neuro_net.1.warp_net.backbone.head.bn.running_var----
Missing Keys: ----backbone.neuro_net.1.warp_net.global_blocks.0.norm1.weight----
Missing Keys: ----backbone.neuro_net.1.warp_net.global_blocks.0.norm1.bias----
Missing Keys: ----backbone.neuro_net.1.warp_net.global_blocks.0.attn.qkv.weight----
Missing Keys: ----backbone.neuro_net.1.warp_net.global_blocks.0.attn.proj.weight----
Missing Keys: ----backbone.neuro_net.1.warp_net.global_blocks.0.attn.proj.bias----
Missing Keys: ----backbone.neuro_net.1.warp_net.global_blocks.0.norm2.weight----
Missing Keys: ----backbone.neuro_net.1.warp_net.global_blocks.0.norm2.bias----
Missing Keys: ----backbone.neuro_net.1.warp_net.global_blocks.0.mlp.0.weight----
Missing Keys: ----backbone.neuro_net.1.warp_net.global_blocks.0.mlp.0.bias----
Missing Keys: ----backbone.neuro_net.1.warp_net.global_blocks.0.mlp.3.weight----
Missing Keys: ----backbone.neuro_net.1.warp_net.global_blocks.0.mlp.3.bias----
Missing Keys: ----backbone.neuro_net.1.warp_net.regressor.2.weight----
Missing Keys: ----backbone.neuro_net.1.warp_net.regressor.2.bias----
Missing Keys: ----backbone.neuro_net.1.warp_net.regressor.4.weight----
Missing Keys: ----backbone.neuro_net.1.warp_net.regressor.4.bias----
Missing Keys: ----backbone.neuro_net.1._gate.mlp.0.weight----
Missing Keys: ----backbone.neuro_net.1._gate.mlp.0.bias----
Missing Keys: ----backbone.neuro_net.1._gate.mlp.2.weight----
Missing Keys: ----backbone.neuro_net.1._gate.mlp.2.bias----
Missing Keys: ----backbone.neuro_net.1._gate.mlp.4.weight----
Missing Keys: ----backbone.neuro_net.1._gate.mlp.4.bias----
Missing Keys: ----backbone.neuro_net.2.branch_costs----
Missing Keys: ----backbone.neuro_net.2.shift_net.rgb_proj.0.weight----
Missing Keys: ----backbone.neuro_net.2.shift_net.rgb_proj.0.bias----
Missing Keys: ----backbone.neuro_net.2.shift_net.rgb_proj.2.weight----
Missing Keys: ----backbone.neuro_net.2.shift_net.rgb_proj.2.bias----
Missing Keys: ----backbone.neuro_net.2.shift_net.tir_proj.0.weight----
Missing Keys: ----backbone.neuro_net.2.shift_net.tir_proj.0.bias----
Missing Keys: ----backbone.neuro_net.2.shift_net.tir_proj.2.weight----
Missing Keys: ----backbone.neuro_net.2.shift_net.tir_proj.2.bias----
Missing Keys: ----backbone.neuro_net.2.shift_net.norm1.weight----
Missing Keys: ----backbone.neuro_net.2.shift_net.norm1.bias----
Missing Keys: ----backbone.neuro_net.2.shift_net.refiner.0.weight----
Missing Keys: ----backbone.neuro_net.2.shift_net.refiner.0.bias----
Missing Keys: ----backbone.neuro_net.2.shift_net.refiner.2.weight----
Missing Keys: ----backbone.neuro_net.2.shift_net.refiner.2.bias----
Missing Keys: ----backbone.neuro_net.2.shift_net.refiner.6.weight----
Missing Keys: ----backbone.neuro_net.2.shift_net.refiner.6.bias----
Missing Keys: ----backbone.neuro_net.2.scale_net.alpha1----
Missing Keys: ----backbone.neuro_net.2.scale_net.alpha2----
Missing Keys: ----backbone.neuro_net.2.scale_net.rgb_proj.weight----
Missing Keys: ----backbone.neuro_net.2.scale_net.tir_proj.weight----
Missing Keys: ----backbone.neuro_net.2.scale_net.band_gate_rgb.mlp.0.weight----
Missing Keys: ----backbone.neuro_net.2.scale_net.band_gate_rgb.mlp.0.bias----
Missing Keys: ----backbone.neuro_net.2.scale_net.band_gate_rgb.mlp.2.weight----
Missing Keys: ----backbone.neuro_net.2.scale_net.band_gate_rgb.mlp.2.bias----
Missing Keys: ----backbone.neuro_net.2.scale_net.band_gate_tir.mlp.0.weight----
Missing Keys: ----backbone.neuro_net.2.scale_net.band_gate_tir.mlp.0.bias----
Missing Keys: ----backbone.neuro_net.2.scale_net.band_gate_tir.mlp.2.weight----
Missing Keys: ----backbone.neuro_net.2.scale_net.band_gate_tir.mlp.2.bias----
Missing Keys: ----backbone.neuro_net.2.scale_net.norm1.weight----
Missing Keys: ----backbone.neuro_net.2.scale_net.norm1.bias----
Missing Keys: ----backbone.neuro_net.2.scale_net.conv_head.blocks.0.0.weight----
Missing Keys: ----backbone.neuro_net.2.scale_net.conv_head.blocks.0.0.bias----
Missing Keys: ----backbone.neuro_net.2.scale_net.conv_head.blocks.0.2.weight----
Missing Keys: ----backbone.neuro_net.2.scale_net.conv_head.blocks.0.2.bias----
Missing Keys: ----backbone.neuro_net.2.scale_net.conv_head.blocks.1.0.weight----
Missing Keys: ----backbone.neuro_net.2.scale_net.conv_head.blocks.1.0.bias----
Missing Keys: ----backbone.neuro_net.2.scale_net.conv_head.blocks.1.2.weight----
Missing Keys: ----backbone.neuro_net.2.scale_net.conv_head.blocks.1.2.bias----
Missing Keys: ----backbone.neuro_net.2.scale_net.conv_head.blocks.2.0.weight----
Missing Keys: ----backbone.neuro_net.2.scale_net.conv_head.blocks.2.0.bias----
Missing Keys: ----backbone.neuro_net.2.scale_net.conv_head.blocks.2.2.weight----
Missing Keys: ----backbone.neuro_net.2.scale_net.conv_head.blocks.2.2.bias----
Missing Keys: ----backbone.neuro_net.2.scale_net.conv_head.fuse.0.weight----
Missing Keys: ----backbone.neuro_net.2.scale_net.conv_head.fuse.0.bias----
Missing Keys: ----backbone.neuro_net.2.scale_net.conv_head.head.weight----
Missing Keys: ----backbone.neuro_net.2.scale_net.conv_head.head.bias----
Missing Keys: ----backbone.neuro_net.2.warp_net.backbone.enc_blocks.0.pw1.conv.weight----
Missing Keys: ----backbone.neuro_net.2.warp_net.backbone.enc_blocks.0.pw1.bn.weight----
Missing Keys: ----backbone.neuro_net.2.warp_net.backbone.enc_blocks.0.pw1.bn.bias----
Missing Keys: ----backbone.neuro_net.2.warp_net.backbone.enc_blocks.0.pw1.bn.running_mean----
Missing Keys: ----backbone.neuro_net.2.warp_net.backbone.enc_blocks.0.pw1.bn.running_var----
Missing Keys: ----backbone.neuro_net.2.warp_net.backbone.enc_blocks.0.dw_chain.0.conv.weight----
Missing Keys: ----backbone.neuro_net.2.warp_net.backbone.enc_blocks.0.dw_chain.0.bn.weight----
Missing Keys: ----backbone.neuro_net.2.warp_net.backbone.enc_blocks.0.dw_chain.0.bn.bias----
Missing Keys: ----backbone.neuro_net.2.warp_net.backbone.enc_blocks.0.dw_chain.0.bn.running_mean----
Missing Keys: ----backbone.neuro_net.2.warp_net.backbone.enc_blocks.0.dw_chain.0.bn.running_var----
Missing Keys: ----backbone.neuro_net.2.warp_net.backbone.enc_blocks.0.dw_chain.1.conv.weight----
Missing Keys: ----backbone.neuro_net.2.warp_net.backbone.enc_blocks.0.dw_chain.1.bn.weight----
Missing Keys: ----backbone.neuro_net.2.warp_net.backbone.enc_blocks.0.dw_chain.1.bn.bias----
Missing Keys: ----backbone.neuro_net.2.warp_net.backbone.enc_blocks.0.dw_chain.1.bn.running_mean----
Missing Keys: ----backbone.neuro_net.2.warp_net.backbone.enc_blocks.0.dw_chain.1.bn.running_var----
Missing Keys: ----backbone.neuro_net.2.warp_net.backbone.enc_blocks.0.dw_chain.2.conv.weight----
Missing Keys: ----backbone.neuro_net.2.warp_net.backbone.enc_blocks.0.dw_chain.2.bn.weight----
Missing Keys: ----backbone.neuro_net.2.warp_net.backbone.enc_blocks.0.dw_chain.2.bn.bias----
Missing Keys: ----backbone.neuro_net.2.warp_net.backbone.enc_blocks.0.dw_chain.2.bn.running_mean----
Missing Keys: ----backbone.neuro_net.2.warp_net.backbone.enc_blocks.0.dw_chain.2.bn.running_var----
Missing Keys: ----backbone.neuro_net.2.warp_net.backbone.enc_blocks.0.dw_chain.3.conv.weight----
Missing Keys: ----backbone.neuro_net.2.warp_net.backbone.enc_blocks.0.dw_chain.3.bn.weight----
Missing Keys: ----backbone.neuro_net.2.warp_net.backbone.enc_blocks.0.dw_chain.3.bn.bias----
Missing Keys: ----backbone.neuro_net.2.warp_net.backbone.enc_blocks.0.dw_chain.3.bn.running_mean----
Missing Keys: ----backbone.neuro_net.2.warp_net.backbone.enc_blocks.0.dw_chain.3.bn.running_var----
Missing Keys: ----backbone.neuro_net.2.warp_net.backbone.enc_blocks.0.dw_chain.4.conv.weight----
Missing Keys: ----backbone.neuro_net.2.warp_net.backbone.enc_blocks.0.dw_chain.4.bn.weight----
Missing Keys: ----backbone.neuro_net.2.warp_net.backbone.enc_blocks.0.dw_chain.4.bn.bias----
Missing Keys: ----backbone.neuro_net.2.warp_net.backbone.enc_blocks.0.dw_chain.4.bn.running_mean----
Missing Keys: ----backbone.neuro_net.2.warp_net.backbone.enc_blocks.0.dw_chain.4.bn.running_var----
Missing Keys: ----backbone.neuro_net.2.warp_net.backbone.enc_blocks.0.dw_chain.5.conv.weight----
Missing Keys: ----backbone.neuro_net.2.warp_net.backbone.enc_blocks.0.dw_chain.5.bn.weight----
Missing Keys: ----backbone.neuro_net.2.warp_net.backbone.enc_blocks.0.dw_chain.5.bn.bias----
Missing Keys: ----backbone.neuro_net.2.warp_net.backbone.enc_blocks.0.dw_chain.5.bn.running_mean----
Missing Keys: ----backbone.neuro_net.2.warp_net.backbone.enc_blocks.0.dw_chain.5.bn.running_var----
Missing Keys: ----backbone.neuro_net.2.warp_net.backbone.enc_blocks.0.dw_chain.6.conv.weight----
Missing Keys: ----backbone.neuro_net.2.warp_net.backbone.enc_blocks.0.dw_chain.6.bn.weight----
Missing Keys: ----backbone.neuro_net.2.warp_net.backbone.enc_blocks.0.dw_chain.6.bn.bias----
Missing Keys: ----backbone.neuro_net.2.warp_net.backbone.enc_blocks.0.dw_chain.6.bn.running_mean----
Missing Keys: ----backbone.neuro_net.2.warp_net.backbone.enc_blocks.0.dw_chain.6.bn.running_var----
Missing Keys: ----backbone.neuro_net.2.warp_net.backbone.enc_blocks.0.pw2.conv.weight----
Missing Keys: ----backbone.neuro_net.2.warp_net.backbone.enc_blocks.0.pw2.bn.weight----
Missing Keys: ----backbone.neuro_net.2.warp_net.backbone.enc_blocks.0.pw2.bn.bias----
Missing Keys: ----backbone.neuro_net.2.warp_net.backbone.enc_blocks.0.pw2.bn.running_mean----
Missing Keys: ----backbone.neuro_net.2.warp_net.backbone.enc_blocks.0.pw2.bn.running_var----
Missing Keys: ----backbone.neuro_net.2.warp_net.backbone.enc_blocks.1.pw1.conv.weight----
Missing Keys: ----backbone.neuro_net.2.warp_net.backbone.enc_blocks.1.pw1.bn.weight----
Missing Keys: ----backbone.neuro_net.2.warp_net.backbone.enc_blocks.1.pw1.bn.bias----
Missing Keys: ----backbone.neuro_net.2.warp_net.backbone.enc_blocks.1.pw1.bn.running_mean----
Missing Keys: ----backbone.neuro_net.2.warp_net.backbone.enc_blocks.1.pw1.bn.running_var----
Missing Keys: ----backbone.neuro_net.2.warp_net.backbone.enc_blocks.1.dw_chain.0.conv.weight----
Missing Keys: ----backbone.neuro_net.2.warp_net.backbone.enc_blocks.1.dw_chain.0.bn.weight----
Missing Keys: ----backbone.neuro_net.2.warp_net.backbone.enc_blocks.1.dw_chain.0.bn.bias----
Missing Keys: ----backbone.neuro_net.2.warp_net.backbone.enc_blocks.1.dw_chain.0.bn.running_mean----
Missing Keys: ----backbone.neuro_net.2.warp_net.backbone.enc_blocks.1.dw_chain.0.bn.running_var----
Missing Keys: ----backbone.neuro_net.2.warp_net.backbone.enc_blocks.1.dw_chain.1.conv.weight----
Missing Keys: ----backbone.neuro_net.2.warp_net.backbone.enc_blocks.1.dw_chain.1.bn.weight----
Missing Keys: ----backbone.neuro_net.2.warp_net.backbone.enc_blocks.1.dw_chain.1.bn.bias----
Missing Keys: ----backbone.neuro_net.2.warp_net.backbone.enc_blocks.1.dw_chain.1.bn.running_mean----
Missing Keys: ----backbone.neuro_net.2.warp_net.backbone.enc_blocks.1.dw_chain.1.bn.running_var----
Missing Keys: ----backbone.neuro_net.2.warp_net.backbone.enc_blocks.1.dw_chain.2.conv.weight----
Missing Keys: ----backbone.neuro_net.2.warp_net.backbone.enc_blocks.1.dw_chain.2.bn.weight----
Missing Keys: ----backbone.neuro_net.2.warp_net.backbone.enc_blocks.1.dw_chain.2.bn.bias----
Missing Keys: ----backbone.neuro_net.2.warp_net.backbone.enc_blocks.1.dw_chain.2.bn.running_mean----
Missing Keys: ----backbone.neuro_net.2.warp_net.backbone.enc_blocks.1.dw_chain.2.bn.running_var----
Missing Keys: ----backbone.neuro_net.2.warp_net.backbone.enc_blocks.1.dw_chain.3.conv.weight----
Missing Keys: ----backbone.neuro_net.2.warp_net.backbone.enc_blocks.1.dw_chain.3.bn.weight----
Missing Keys: ----backbone.neuro_net.2.warp_net.backbone.enc_blocks.1.dw_chain.3.bn.bias----
Missing Keys: ----backbone.neuro_net.2.warp_net.backbone.enc_blocks.1.dw_chain.3.bn.running_mean----
Missing Keys: ----backbone.neuro_net.2.warp_net.backbone.enc_blocks.1.dw_chain.3.bn.running_var----
Missing Keys: ----backbone.neuro_net.2.warp_net.backbone.enc_blocks.1.dw_chain.4.conv.weight----
Missing Keys: ----backbone.neuro_net.2.warp_net.backbone.enc_blocks.1.dw_chain.4.bn.weight----
Missing Keys: ----backbone.neuro_net.2.warp_net.backbone.enc_blocks.1.dw_chain.4.bn.bias----
Missing Keys: ----backbone.neuro_net.2.warp_net.backbone.enc_blocks.1.dw_chain.4.bn.running_mean----
Missing Keys: ----backbone.neuro_net.2.warp_net.backbone.enc_blocks.1.dw_chain.4.bn.running_var----
Missing Keys: ----backbone.neuro_net.2.warp_net.backbone.enc_blocks.1.dw_chain.5.conv.weight----
Missing Keys: ----backbone.neuro_net.2.warp_net.backbone.enc_blocks.1.dw_chain.5.bn.weight----
Missing Keys: ----backbone.neuro_net.2.warp_net.backbone.enc_blocks.1.dw_chain.5.bn.bias----
Missing Keys: ----backbone.neuro_net.2.warp_net.backbone.enc_blocks.1.dw_chain.5.bn.running_mean----
Missing Keys: ----backbone.neuro_net.2.warp_net.backbone.enc_blocks.1.dw_chain.5.bn.running_var----
Missing Keys: ----backbone.neuro_net.2.warp_net.backbone.enc_blocks.1.dw_chain.6.conv.weight----
Missing Keys: ----backbone.neuro_net.2.warp_net.backbone.enc_blocks.1.dw_chain.6.bn.weight----
Missing Keys: ----backbone.neuro_net.2.warp_net.backbone.enc_blocks.1.dw_chain.6.bn.bias----
Missing Keys: ----backbone.neuro_net.2.warp_net.backbone.enc_blocks.1.dw_chain.6.bn.running_mean----
Missing Keys: ----backbone.neuro_net.2.warp_net.backbone.enc_blocks.1.dw_chain.6.bn.running_var----
Missing Keys: ----backbone.neuro_net.2.warp_net.backbone.enc_blocks.1.pw2.conv.weight----
Missing Keys: ----backbone.neuro_net.2.warp_net.backbone.enc_blocks.1.pw2.bn.weight----
Missing Keys: ----backbone.neuro_net.2.warp_net.backbone.enc_blocks.1.pw2.bn.bias----
Missing Keys: ----backbone.neuro_net.2.warp_net.backbone.enc_blocks.1.pw2.bn.running_mean----
Missing Keys: ----backbone.neuro_net.2.warp_net.backbone.enc_blocks.1.pw2.bn.running_var----
Missing Keys: ----backbone.neuro_net.2.warp_net.backbone.enc_blocks.2.pw1.conv.weight----
Missing Keys: ----backbone.neuro_net.2.warp_net.backbone.enc_blocks.2.pw1.bn.weight----
Missing Keys: ----backbone.neuro_net.2.warp_net.backbone.enc_blocks.2.pw1.bn.bias----
Missing Keys: ----backbone.neuro_net.2.warp_net.backbone.enc_blocks.2.pw1.bn.running_mean----
Missing Keys: ----backbone.neuro_net.2.warp_net.backbone.enc_blocks.2.pw1.bn.running_var----
Missing Keys: ----backbone.neuro_net.2.warp_net.backbone.enc_blocks.2.dw_chain.0.conv.weight----
Missing Keys: ----backbone.neuro_net.2.warp_net.backbone.enc_blocks.2.dw_chain.0.bn.weight----
Missing Keys: ----backbone.neuro_net.2.warp_net.backbone.enc_blocks.2.dw_chain.0.bn.bias----
Missing Keys: ----backbone.neuro_net.2.warp_net.backbone.enc_blocks.2.dw_chain.0.bn.running_mean----
Missing Keys: ----backbone.neuro_net.2.warp_net.backbone.enc_blocks.2.dw_chain.0.bn.running_var----
Missing Keys: ----backbone.neuro_net.2.warp_net.backbone.enc_blocks.2.dw_chain.1.conv.weight----
Missing Keys: ----backbone.neuro_net.2.warp_net.backbone.enc_blocks.2.dw_chain.1.bn.weight----
Missing Keys: ----backbone.neuro_net.2.warp_net.backbone.enc_blocks.2.dw_chain.1.bn.bias----
Missing Keys: ----backbone.neuro_net.2.warp_net.backbone.enc_blocks.2.dw_chain.1.bn.running_mean----
Missing Keys: ----backbone.neuro_net.2.warp_net.backbone.enc_blocks.2.dw_chain.1.bn.running_var----
Missing Keys: ----backbone.neuro_net.2.warp_net.backbone.enc_blocks.2.dw_chain.2.conv.weight----
Missing Keys: ----backbone.neuro_net.2.warp_net.backbone.enc_blocks.2.dw_chain.2.bn.weight----
Missing Keys: ----backbone.neuro_net.2.warp_net.backbone.enc_blocks.2.dw_chain.2.bn.bias----
Missing Keys: ----backbone.neuro_net.2.warp_net.backbone.enc_blocks.2.dw_chain.2.bn.running_mean----
Missing Keys: ----backbone.neuro_net.2.warp_net.backbone.enc_blocks.2.dw_chain.2.bn.running_var----
Missing Keys: ----backbone.neuro_net.2.warp_net.backbone.enc_blocks.2.dw_chain.3.conv.weight----
Missing Keys: ----backbone.neuro_net.2.warp_net.backbone.enc_blocks.2.dw_chain.3.bn.weight----
Missing Keys: ----backbone.neuro_net.2.warp_net.backbone.enc_blocks.2.dw_chain.3.bn.bias----
Missing Keys: ----backbone.neuro_net.2.warp_net.backbone.enc_blocks.2.dw_chain.3.bn.running_mean----
Missing Keys: ----backbone.neuro_net.2.warp_net.backbone.enc_blocks.2.dw_chain.3.bn.running_var----
Missing Keys: ----backbone.neuro_net.2.warp_net.backbone.enc_blocks.2.dw_chain.4.conv.weight----
Missing Keys: ----backbone.neuro_net.2.warp_net.backbone.enc_blocks.2.dw_chain.4.bn.weight----
Missing Keys: ----backbone.neuro_net.2.warp_net.backbone.enc_blocks.2.dw_chain.4.bn.bias----
Missing Keys: ----backbone.neuro_net.2.warp_net.backbone.enc_blocks.2.dw_chain.4.bn.running_mean----
Missing Keys: ----backbone.neuro_net.2.warp_net.backbone.enc_blocks.2.dw_chain.4.bn.running_var----
Missing Keys: ----backbone.neuro_net.2.warp_net.backbone.enc_blocks.2.dw_chain.5.conv.weight----
Missing Keys: ----backbone.neuro_net.2.warp_net.backbone.enc_blocks.2.dw_chain.5.bn.weight----
Missing Keys: ----backbone.neuro_net.2.warp_net.backbone.enc_blocks.2.dw_chain.5.bn.bias----
Missing Keys: ----backbone.neuro_net.2.warp_net.backbone.enc_blocks.2.dw_chain.5.bn.running_mean----
Missing Keys: ----backbone.neuro_net.2.warp_net.backbone.enc_blocks.2.dw_chain.5.bn.running_var----
Missing Keys: ----backbone.neuro_net.2.warp_net.backbone.enc_blocks.2.dw_chain.6.conv.weight----
Missing Keys: ----backbone.neuro_net.2.warp_net.backbone.enc_blocks.2.dw_chain.6.bn.weight----
Missing Keys: ----backbone.neuro_net.2.warp_net.backbone.enc_blocks.2.dw_chain.6.bn.bias----
Missing Keys: ----backbone.neuro_net.2.warp_net.backbone.enc_blocks.2.dw_chain.6.bn.running_mean----
Missing Keys: ----backbone.neuro_net.2.warp_net.backbone.enc_blocks.2.dw_chain.6.bn.running_var----
Missing Keys: ----backbone.neuro_net.2.warp_net.backbone.enc_blocks.2.pw2.conv.weight----
Missing Keys: ----backbone.neuro_net.2.warp_net.backbone.enc_blocks.2.pw2.bn.weight----
Missing Keys: ----backbone.neuro_net.2.warp_net.backbone.enc_blocks.2.pw2.bn.bias----
Missing Keys: ----backbone.neuro_net.2.warp_net.backbone.enc_blocks.2.pw2.bn.running_mean----
Missing Keys: ----backbone.neuro_net.2.warp_net.backbone.enc_blocks.2.pw2.bn.running_var----
Missing Keys: ----backbone.neuro_net.2.warp_net.backbone.enc_blocks.3.pw1.conv.weight----
Missing Keys: ----backbone.neuro_net.2.warp_net.backbone.enc_blocks.3.pw1.bn.weight----
Missing Keys: ----backbone.neuro_net.2.warp_net.backbone.enc_blocks.3.pw1.bn.bias----
Missing Keys: ----backbone.neuro_net.2.warp_net.backbone.enc_blocks.3.pw1.bn.running_mean----
Missing Keys: ----backbone.neuro_net.2.warp_net.backbone.enc_blocks.3.pw1.bn.running_var----
Missing Keys: ----backbone.neuro_net.2.warp_net.backbone.enc_blocks.3.dw_chain.0.conv.weight----
Missing Keys: ----backbone.neuro_net.2.warp_net.backbone.enc_blocks.3.dw_chain.0.bn.weight----
Missing Keys: ----backbone.neuro_net.2.warp_net.backbone.enc_blocks.3.dw_chain.0.bn.bias----
Missing Keys: ----backbone.neuro_net.2.warp_net.backbone.enc_blocks.3.dw_chain.0.bn.running_mean----
Missing Keys: ----backbone.neuro_net.2.warp_net.backbone.enc_blocks.3.dw_chain.0.bn.running_var----
Missing Keys: ----backbone.neuro_net.2.warp_net.backbone.enc_blocks.3.dw_chain.1.conv.weight----
Missing Keys: ----backbone.neuro_net.2.warp_net.backbone.enc_blocks.3.dw_chain.1.bn.weight----
Missing Keys: ----backbone.neuro_net.2.warp_net.backbone.enc_blocks.3.dw_chain.1.bn.bias----
Missing Keys: ----backbone.neuro_net.2.warp_net.backbone.enc_blocks.3.dw_chain.1.bn.running_mean----
Missing Keys: ----backbone.neuro_net.2.warp_net.backbone.enc_blocks.3.dw_chain.1.bn.running_var----
Missing Keys: ----backbone.neuro_net.2.warp_net.backbone.enc_blocks.3.dw_chain.2.conv.weight----
Missing Keys: ----backbone.neuro_net.2.warp_net.backbone.enc_blocks.3.dw_chain.2.bn.weight----
Missing Keys: ----backbone.neuro_net.2.warp_net.backbone.enc_blocks.3.dw_chain.2.bn.bias----
Missing Keys: ----backbone.neuro_net.2.warp_net.backbone.enc_blocks.3.dw_chain.2.bn.running_mean----
Missing Keys: ----backbone.neuro_net.2.warp_net.backbone.enc_blocks.3.dw_chain.2.bn.running_var----
Missing Keys: ----backbone.neuro_net.2.warp_net.backbone.enc_blocks.3.dw_chain.3.conv.weight----
Missing Keys: ----backbone.neuro_net.2.warp_net.backbone.enc_blocks.3.dw_chain.3.bn.weight----
Missing Keys: ----backbone.neuro_net.2.warp_net.backbone.enc_blocks.3.dw_chain.3.bn.bias----
Missing Keys: ----backbone.neuro_net.2.warp_net.backbone.enc_blocks.3.dw_chain.3.bn.running_mean----
Missing Keys: ----backbone.neuro_net.2.warp_net.backbone.enc_blocks.3.dw_chain.3.bn.running_var----
Missing Keys: ----backbone.neuro_net.2.warp_net.backbone.enc_blocks.3.dw_chain.4.conv.weight----
Missing Keys: ----backbone.neuro_net.2.warp_net.backbone.enc_blocks.3.dw_chain.4.bn.weight----
Missing Keys: ----backbone.neuro_net.2.warp_net.backbone.enc_blocks.3.dw_chain.4.bn.bias----
Missing Keys: ----backbone.neuro_net.2.warp_net.backbone.enc_blocks.3.dw_chain.4.bn.running_mean----
Missing Keys: ----backbone.neuro_net.2.warp_net.backbone.enc_blocks.3.dw_chain.4.bn.running_var----
Missing Keys: ----backbone.neuro_net.2.warp_net.backbone.enc_blocks.3.dw_chain.5.conv.weight----
Missing Keys: ----backbone.neuro_net.2.warp_net.backbone.enc_blocks.3.dw_chain.5.bn.weight----
Missing Keys: ----backbone.neuro_net.2.warp_net.backbone.enc_blocks.3.dw_chain.5.bn.bias----
Missing Keys: ----backbone.neuro_net.2.warp_net.backbone.enc_blocks.3.dw_chain.5.bn.running_mean----
Missing Keys: ----backbone.neuro_net.2.warp_net.backbone.enc_blocks.3.dw_chain.5.bn.running_var----
Missing Keys: ----backbone.neuro_net.2.warp_net.backbone.enc_blocks.3.dw_chain.6.conv.weight----
Missing Keys: ----backbone.neuro_net.2.warp_net.backbone.enc_blocks.3.dw_chain.6.bn.weight----
Missing Keys: ----backbone.neuro_net.2.warp_net.backbone.enc_blocks.3.dw_chain.6.bn.bias----
Missing Keys: ----backbone.neuro_net.2.warp_net.backbone.enc_blocks.3.dw_chain.6.bn.running_mean----
Missing Keys: ----backbone.neuro_net.2.warp_net.backbone.enc_blocks.3.dw_chain.6.bn.running_var----
Missing Keys: ----backbone.neuro_net.2.warp_net.backbone.enc_blocks.3.pw2.conv.weight----
Missing Keys: ----backbone.neuro_net.2.warp_net.backbone.enc_blocks.3.pw2.bn.weight----
Missing Keys: ----backbone.neuro_net.2.warp_net.backbone.enc_blocks.3.pw2.bn.bias----
Missing Keys: ----backbone.neuro_net.2.warp_net.backbone.enc_blocks.3.pw2.bn.running_mean----
Missing Keys: ----backbone.neuro_net.2.warp_net.backbone.enc_blocks.3.pw2.bn.running_var----
Missing Keys: ----backbone.neuro_net.2.warp_net.backbone.bottleneck.pw1.conv.weight----
Missing Keys: ----backbone.neuro_net.2.warp_net.backbone.bottleneck.pw1.bn.weight----
Missing Keys: ----backbone.neuro_net.2.warp_net.backbone.bottleneck.pw1.bn.bias----
Missing Keys: ----backbone.neuro_net.2.warp_net.backbone.bottleneck.pw1.bn.running_mean----
Missing Keys: ----backbone.neuro_net.2.warp_net.backbone.bottleneck.pw1.bn.running_var----
Missing Keys: ----backbone.neuro_net.2.warp_net.backbone.bottleneck.dw_chain.0.conv.weight----
Missing Keys: ----backbone.neuro_net.2.warp_net.backbone.bottleneck.dw_chain.0.bn.weight----
Missing Keys: ----backbone.neuro_net.2.warp_net.backbone.bottleneck.dw_chain.0.bn.bias----
Missing Keys: ----backbone.neuro_net.2.warp_net.backbone.bottleneck.dw_chain.0.bn.running_mean----
Missing Keys: ----backbone.neuro_net.2.warp_net.backbone.bottleneck.dw_chain.0.bn.running_var----
Missing Keys: ----backbone.neuro_net.2.warp_net.backbone.bottleneck.dw_chain.1.conv.weight----
Missing Keys: ----backbone.neuro_net.2.warp_net.backbone.bottleneck.dw_chain.1.bn.weight----
Missing Keys: ----backbone.neuro_net.2.warp_net.backbone.bottleneck.dw_chain.1.bn.bias----
Missing Keys: ----backbone.neuro_net.2.warp_net.backbone.bottleneck.dw_chain.1.bn.running_mean----
Missing Keys: ----backbone.neuro_net.2.warp_net.backbone.bottleneck.dw_chain.1.bn.running_var----
Missing Keys: ----backbone.neuro_net.2.warp_net.backbone.bottleneck.dw_chain.2.conv.weight----
Missing Keys: ----backbone.neuro_net.2.warp_net.backbone.bottleneck.dw_chain.2.bn.weight----
Missing Keys: ----backbone.neuro_net.2.warp_net.backbone.bottleneck.dw_chain.2.bn.bias----
Missing Keys: ----backbone.neuro_net.2.warp_net.backbone.bottleneck.dw_chain.2.bn.running_mean----
Missing Keys: ----backbone.neuro_net.2.warp_net.backbone.bottleneck.dw_chain.2.bn.running_var----
Missing Keys: ----backbone.neuro_net.2.warp_net.backbone.bottleneck.dw_chain.3.conv.weight----
Missing Keys: ----backbone.neuro_net.2.warp_net.backbone.bottleneck.dw_chain.3.bn.weight----
Missing Keys: ----backbone.neuro_net.2.warp_net.backbone.bottleneck.dw_chain.3.bn.bias----
Missing Keys: ----backbone.neuro_net.2.warp_net.backbone.bottleneck.dw_chain.3.bn.running_mean----
Missing Keys: ----backbone.neuro_net.2.warp_net.backbone.bottleneck.dw_chain.3.bn.running_var----
Missing Keys: ----backbone.neuro_net.2.warp_net.backbone.bottleneck.dw_chain.4.conv.weight----
Missing Keys: ----backbone.neuro_net.2.warp_net.backbone.bottleneck.dw_chain.4.bn.weight----
Missing Keys: ----backbone.neuro_net.2.warp_net.backbone.bottleneck.dw_chain.4.bn.bias----
Missing Keys: ----backbone.neuro_net.2.warp_net.backbone.bottleneck.dw_chain.4.bn.running_mean----
Missing Keys: ----backbone.neuro_net.2.warp_net.backbone.bottleneck.dw_chain.4.bn.running_var----
Missing Keys: ----backbone.neuro_net.2.warp_net.backbone.bottleneck.dw_chain.5.conv.weight----
Missing Keys: ----backbone.neuro_net.2.warp_net.backbone.bottleneck.dw_chain.5.bn.weight----
Missing Keys: ----backbone.neuro_net.2.warp_net.backbone.bottleneck.dw_chain.5.bn.bias----
Missing Keys: ----backbone.neuro_net.2.warp_net.backbone.bottleneck.dw_chain.5.bn.running_mean----
Missing Keys: ----backbone.neuro_net.2.warp_net.backbone.bottleneck.dw_chain.5.bn.running_var----
Missing Keys: ----backbone.neuro_net.2.warp_net.backbone.bottleneck.dw_chain.6.conv.weight----
Missing Keys: ----backbone.neuro_net.2.warp_net.backbone.bottleneck.dw_chain.6.bn.weight----
Missing Keys: ----backbone.neuro_net.2.warp_net.backbone.bottleneck.dw_chain.6.bn.bias----
Missing Keys: ----backbone.neuro_net.2.warp_net.backbone.bottleneck.dw_chain.6.bn.running_mean----
Missing Keys: ----backbone.neuro_net.2.warp_net.backbone.bottleneck.dw_chain.6.bn.running_var----
Missing Keys: ----backbone.neuro_net.2.warp_net.backbone.bottleneck.pw2.conv.weight----
Missing Keys: ----backbone.neuro_net.2.warp_net.backbone.bottleneck.pw2.bn.weight----
Missing Keys: ----backbone.neuro_net.2.warp_net.backbone.bottleneck.pw2.bn.bias----
Missing Keys: ----backbone.neuro_net.2.warp_net.backbone.bottleneck.pw2.bn.running_mean----
Missing Keys: ----backbone.neuro_net.2.warp_net.backbone.bottleneck.pw2.bn.running_var----
Missing Keys: ----backbone.neuro_net.2.warp_net.backbone.dec_blocks.0.pw1.conv.weight----
Missing Keys: ----backbone.neuro_net.2.warp_net.backbone.dec_blocks.0.pw1.bn.weight----
Missing Keys: ----backbone.neuro_net.2.warp_net.backbone.dec_blocks.0.pw1.bn.bias----
Missing Keys: ----backbone.neuro_net.2.warp_net.backbone.dec_blocks.0.pw1.bn.running_mean----
Missing Keys: ----backbone.neuro_net.2.warp_net.backbone.dec_blocks.0.pw1.bn.running_var----
Missing Keys: ----backbone.neuro_net.2.warp_net.backbone.dec_blocks.0.dw_chain.0.conv.weight----
Missing Keys: ----backbone.neuro_net.2.warp_net.backbone.dec_blocks.0.dw_chain.0.bn.weight----
Missing Keys: ----backbone.neuro_net.2.warp_net.backbone.dec_blocks.0.dw_chain.0.bn.bias----
Missing Keys: ----backbone.neuro_net.2.warp_net.backbone.dec_blocks.0.dw_chain.0.bn.running_mean----
Missing Keys: ----backbone.neuro_net.2.warp_net.backbone.dec_blocks.0.dw_chain.0.bn.running_var----
Missing Keys: ----backbone.neuro_net.2.warp_net.backbone.dec_blocks.0.dw_chain.1.conv.weight----
Missing Keys: ----backbone.neuro_net.2.warp_net.backbone.dec_blocks.0.dw_chain.1.bn.weight----
Missing Keys: ----backbone.neuro_net.2.warp_net.backbone.dec_blocks.0.dw_chain.1.bn.bias----
Missing Keys: ----backbone.neuro_net.2.warp_net.backbone.dec_blocks.0.dw_chain.1.bn.running_mean----
Missing Keys: ----backbone.neuro_net.2.warp_net.backbone.dec_blocks.0.dw_chain.1.bn.running_var----
Missing Keys: ----backbone.neuro_net.2.warp_net.backbone.dec_blocks.0.dw_chain.2.conv.weight----
Missing Keys: ----backbone.neuro_net.2.warp_net.backbone.dec_blocks.0.dw_chain.2.bn.weight----
Missing Keys: ----backbone.neuro_net.2.warp_net.backbone.dec_blocks.0.dw_chain.2.bn.bias----
Missing Keys: ----backbone.neuro_net.2.warp_net.backbone.dec_blocks.0.dw_chain.2.bn.running_mean----
Missing Keys: ----backbone.neuro_net.2.warp_net.backbone.dec_blocks.0.dw_chain.2.bn.running_var----
Missing Keys: ----backbone.neuro_net.2.warp_net.backbone.dec_blocks.0.dw_chain.3.conv.weight----
Missing Keys: ----backbone.neuro_net.2.warp_net.backbone.dec_blocks.0.dw_chain.3.bn.weight----
Missing Keys: ----backbone.neuro_net.2.warp_net.backbone.dec_blocks.0.dw_chain.3.bn.bias----
Missing Keys: ----backbone.neuro_net.2.warp_net.backbone.dec_blocks.0.dw_chain.3.bn.running_mean----
Missing Keys: ----backbone.neuro_net.2.warp_net.backbone.dec_blocks.0.dw_chain.3.bn.running_var----
Missing Keys: ----backbone.neuro_net.2.warp_net.backbone.dec_blocks.0.dw_chain.4.conv.weight----
Missing Keys: ----backbone.neuro_net.2.warp_net.backbone.dec_blocks.0.dw_chain.4.bn.weight----
Missing Keys: ----backbone.neuro_net.2.warp_net.backbone.dec_blocks.0.dw_chain.4.bn.bias----
Missing Keys: ----backbone.neuro_net.2.warp_net.backbone.dec_blocks.0.dw_chain.4.bn.running_mean----
Missing Keys: ----backbone.neuro_net.2.warp_net.backbone.dec_blocks.0.dw_chain.4.bn.running_var----
Missing Keys: ----backbone.neuro_net.2.warp_net.backbone.dec_blocks.0.dw_chain.5.conv.weight----
Missing Keys: ----backbone.neuro_net.2.warp_net.backbone.dec_blocks.0.dw_chain.5.bn.weight----
Missing Keys: ----backbone.neuro_net.2.warp_net.backbone.dec_blocks.0.dw_chain.5.bn.bias----
Missing Keys: ----backbone.neuro_net.2.warp_net.backbone.dec_blocks.0.dw_chain.5.bn.running_mean----
Missing Keys: ----backbone.neuro_net.2.warp_net.backbone.dec_blocks.0.dw_chain.5.bn.running_var----
Missing Keys: ----backbone.neuro_net.2.warp_net.backbone.dec_blocks.0.dw_chain.6.conv.weight----
Missing Keys: ----backbone.neuro_net.2.warp_net.backbone.dec_blocks.0.dw_chain.6.bn.weight----
Missing Keys: ----backbone.neuro_net.2.warp_net.backbone.dec_blocks.0.dw_chain.6.bn.bias----
Missing Keys: ----backbone.neuro_net.2.warp_net.backbone.dec_blocks.0.dw_chain.6.bn.running_mean----
Missing Keys: ----backbone.neuro_net.2.warp_net.backbone.dec_blocks.0.dw_chain.6.bn.running_var----
Missing Keys: ----backbone.neuro_net.2.warp_net.backbone.dec_blocks.0.pw2.conv.weight----
Missing Keys: ----backbone.neuro_net.2.warp_net.backbone.dec_blocks.0.pw2.bn.weight----
Missing Keys: ----backbone.neuro_net.2.warp_net.backbone.dec_blocks.0.pw2.bn.bias----
Missing Keys: ----backbone.neuro_net.2.warp_net.backbone.dec_blocks.0.pw2.bn.running_mean----
Missing Keys: ----backbone.neuro_net.2.warp_net.backbone.dec_blocks.0.pw2.bn.running_var----
Missing Keys: ----backbone.neuro_net.2.warp_net.backbone.dec_blocks.1.pw1.conv.weight----
Missing Keys: ----backbone.neuro_net.2.warp_net.backbone.dec_blocks.1.pw1.bn.weight----
Missing Keys: ----backbone.neuro_net.2.warp_net.backbone.dec_blocks.1.pw1.bn.bias----
Missing Keys: ----backbone.neuro_net.2.warp_net.backbone.dec_blocks.1.pw1.bn.running_mean----
Missing Keys: ----backbone.neuro_net.2.warp_net.backbone.dec_blocks.1.pw1.bn.running_var----
Missing Keys: ----backbone.neuro_net.2.warp_net.backbone.dec_blocks.1.dw_chain.0.conv.weight----
Missing Keys: ----backbone.neuro_net.2.warp_net.backbone.dec_blocks.1.dw_chain.0.bn.weight----
Missing Keys: ----backbone.neuro_net.2.warp_net.backbone.dec_blocks.1.dw_chain.0.bn.bias----
Missing Keys: ----backbone.neuro_net.2.warp_net.backbone.dec_blocks.1.dw_chain.0.bn.running_mean----
Missing Keys: ----backbone.neuro_net.2.warp_net.backbone.dec_blocks.1.dw_chain.0.bn.running_var----
Missing Keys: ----backbone.neuro_net.2.warp_net.backbone.dec_blocks.1.dw_chain.1.conv.weight----
Missing Keys: ----backbone.neuro_net.2.warp_net.backbone.dec_blocks.1.dw_chain.1.bn.weight----
Missing Keys: ----backbone.neuro_net.2.warp_net.backbone.dec_blocks.1.dw_chain.1.bn.bias----
Missing Keys: ----backbone.neuro_net.2.warp_net.backbone.dec_blocks.1.dw_chain.1.bn.running_mean----
Missing Keys: ----backbone.neuro_net.2.warp_net.backbone.dec_blocks.1.dw_chain.1.bn.running_var----
Missing Keys: ----backbone.neuro_net.2.warp_net.backbone.dec_blocks.1.dw_chain.2.conv.weight----
Missing Keys: ----backbone.neuro_net.2.warp_net.backbone.dec_blocks.1.dw_chain.2.bn.weight----
Missing Keys: ----backbone.neuro_net.2.warp_net.backbone.dec_blocks.1.dw_chain.2.bn.bias----
Missing Keys: ----backbone.neuro_net.2.warp_net.backbone.dec_blocks.1.dw_chain.2.bn.running_mean----
Missing Keys: ----backbone.neuro_net.2.warp_net.backbone.dec_blocks.1.dw_chain.2.bn.running_var----
Missing Keys: ----backbone.neuro_net.2.warp_net.backbone.dec_blocks.1.dw_chain.3.conv.weight----
Missing Keys: ----backbone.neuro_net.2.warp_net.backbone.dec_blocks.1.dw_chain.3.bn.weight----
Missing Keys: ----backbone.neuro_net.2.warp_net.backbone.dec_blocks.1.dw_chain.3.bn.bias----
Missing Keys: ----backbone.neuro_net.2.warp_net.backbone.dec_blocks.1.dw_chain.3.bn.running_mean----
Missing Keys: ----backbone.neuro_net.2.warp_net.backbone.dec_blocks.1.dw_chain.3.bn.running_var----
Missing Keys: ----backbone.neuro_net.2.warp_net.backbone.dec_blocks.1.dw_chain.4.conv.weight----
Missing Keys: ----backbone.neuro_net.2.warp_net.backbone.dec_blocks.1.dw_chain.4.bn.weight----
Missing Keys: ----backbone.neuro_net.2.warp_net.backbone.dec_blocks.1.dw_chain.4.bn.bias----
Missing Keys: ----backbone.neuro_net.2.warp_net.backbone.dec_blocks.1.dw_chain.4.bn.running_mean----
Missing Keys: ----backbone.neuro_net.2.warp_net.backbone.dec_blocks.1.dw_chain.4.bn.running_var----
Missing Keys: ----backbone.neuro_net.2.warp_net.backbone.dec_blocks.1.dw_chain.5.conv.weight----
Missing Keys: ----backbone.neuro_net.2.warp_net.backbone.dec_blocks.1.dw_chain.5.bn.weight----
Missing Keys: ----backbone.neuro_net.2.warp_net.backbone.dec_blocks.1.dw_chain.5.bn.bias----
Missing Keys: ----backbone.neuro_net.2.warp_net.backbone.dec_blocks.1.dw_chain.5.bn.running_mean----
Missing Keys: ----backbone.neuro_net.2.warp_net.backbone.dec_blocks.1.dw_chain.5.bn.running_var----
Missing Keys: ----backbone.neuro_net.2.warp_net.backbone.dec_blocks.1.dw_chain.6.conv.weight----
Missing Keys: ----backbone.neuro_net.2.warp_net.backbone.dec_blocks.1.dw_chain.6.bn.weight----
Missing Keys: ----backbone.neuro_net.2.warp_net.backbone.dec_blocks.1.dw_chain.6.bn.bias----
Missing Keys: ----backbone.neuro_net.2.warp_net.backbone.dec_blocks.1.dw_chain.6.bn.running_mean----
Missing Keys: ----backbone.neuro_net.2.warp_net.backbone.dec_blocks.1.dw_chain.6.bn.running_var----
Missing Keys: ----backbone.neuro_net.2.warp_net.backbone.dec_blocks.1.pw2.conv.weight----
Missing Keys: ----backbone.neuro_net.2.warp_net.backbone.dec_blocks.1.pw2.bn.weight----
Missing Keys: ----backbone.neuro_net.2.warp_net.backbone.dec_blocks.1.pw2.bn.bias----
Missing Keys: ----backbone.neuro_net.2.warp_net.backbone.dec_blocks.1.pw2.bn.running_mean----
Missing Keys: ----backbone.neuro_net.2.warp_net.backbone.dec_blocks.1.pw2.bn.running_var----
Missing Keys: ----backbone.neuro_net.2.warp_net.backbone.dec_blocks.2.pw1.conv.weight----
Missing Keys: ----backbone.neuro_net.2.warp_net.backbone.dec_blocks.2.pw1.bn.weight----
Missing Keys: ----backbone.neuro_net.2.warp_net.backbone.dec_blocks.2.pw1.bn.bias----
Missing Keys: ----backbone.neuro_net.2.warp_net.backbone.dec_blocks.2.pw1.bn.running_mean----
Missing Keys: ----backbone.neuro_net.2.warp_net.backbone.dec_blocks.2.pw1.bn.running_var----
Missing Keys: ----backbone.neuro_net.2.warp_net.backbone.dec_blocks.2.dw_chain.0.conv.weight----
Missing Keys: ----backbone.neuro_net.2.warp_net.backbone.dec_blocks.2.dw_chain.0.bn.weight----
Missing Keys: ----backbone.neuro_net.2.warp_net.backbone.dec_blocks.2.dw_chain.0.bn.bias----
Missing Keys: ----backbone.neuro_net.2.warp_net.backbone.dec_blocks.2.dw_chain.0.bn.running_mean----
Missing Keys: ----backbone.neuro_net.2.warp_net.backbone.dec_blocks.2.dw_chain.0.bn.running_var----
Missing Keys: ----backbone.neuro_net.2.warp_net.backbone.dec_blocks.2.dw_chain.1.conv.weight----
Missing Keys: ----backbone.neuro_net.2.warp_net.backbone.dec_blocks.2.dw_chain.1.bn.weight----
Missing Keys: ----backbone.neuro_net.2.warp_net.backbone.dec_blocks.2.dw_chain.1.bn.bias----
Missing Keys: ----backbone.neuro_net.2.warp_net.backbone.dec_blocks.2.dw_chain.1.bn.running_mean----
Missing Keys: ----backbone.neuro_net.2.warp_net.backbone.dec_blocks.2.dw_chain.1.bn.running_var----
Missing Keys: ----backbone.neuro_net.2.warp_net.backbone.dec_blocks.2.dw_chain.2.conv.weight----
Missing Keys: ----backbone.neuro_net.2.warp_net.backbone.dec_blocks.2.dw_chain.2.bn.weight----
Missing Keys: ----backbone.neuro_net.2.warp_net.backbone.dec_blocks.2.dw_chain.2.bn.bias----
Missing Keys: ----backbone.neuro_net.2.warp_net.backbone.dec_blocks.2.dw_chain.2.bn.running_mean----
Missing Keys: ----backbone.neuro_net.2.warp_net.backbone.dec_blocks.2.dw_chain.2.bn.running_var----
Missing Keys: ----backbone.neuro_net.2.warp_net.backbone.dec_blocks.2.dw_chain.3.conv.weight----
Missing Keys: ----backbone.neuro_net.2.warp_net.backbone.dec_blocks.2.dw_chain.3.bn.weight----
Missing Keys: ----backbone.neuro_net.2.warp_net.backbone.dec_blocks.2.dw_chain.3.bn.bias----
Missing Keys: ----backbone.neuro_net.2.warp_net.backbone.dec_blocks.2.dw_chain.3.bn.running_mean----
Missing Keys: ----backbone.neuro_net.2.warp_net.backbone.dec_blocks.2.dw_chain.3.bn.running_var----
Missing Keys: ----backbone.neuro_net.2.warp_net.backbone.dec_blocks.2.dw_chain.4.conv.weight----
Missing Keys: ----backbone.neuro_net.2.warp_net.backbone.dec_blocks.2.dw_chain.4.bn.weight----
Missing Keys: ----backbone.neuro_net.2.warp_net.backbone.dec_blocks.2.dw_chain.4.bn.bias----
Missing Keys: ----backbone.neuro_net.2.warp_net.backbone.dec_blocks.2.dw_chain.4.bn.running_mean----
Missing Keys: ----backbone.neuro_net.2.warp_net.backbone.dec_blocks.2.dw_chain.4.bn.running_var----
Missing Keys: ----backbone.neuro_net.2.warp_net.backbone.dec_blocks.2.dw_chain.5.conv.weight----
Missing Keys: ----backbone.neuro_net.2.warp_net.backbone.dec_blocks.2.dw_chain.5.bn.weight----
Missing Keys: ----backbone.neuro_net.2.warp_net.backbone.dec_blocks.2.dw_chain.5.bn.bias----
Missing Keys: ----backbone.neuro_net.2.warp_net.backbone.dec_blocks.2.dw_chain.5.bn.running_mean----
Missing Keys: ----backbone.neuro_net.2.warp_net.backbone.dec_blocks.2.dw_chain.5.bn.running_var----
Missing Keys: ----backbone.neuro_net.2.warp_net.backbone.dec_blocks.2.dw_chain.6.conv.weight----
Missing Keys: ----backbone.neuro_net.2.warp_net.backbone.dec_blocks.2.dw_chain.6.bn.weight----
Missing Keys: ----backbone.neuro_net.2.warp_net.backbone.dec_blocks.2.dw_chain.6.bn.bias----
Missing Keys: ----backbone.neuro_net.2.warp_net.backbone.dec_blocks.2.dw_chain.6.bn.running_mean----
Missing Keys: ----backbone.neuro_net.2.warp_net.backbone.dec_blocks.2.dw_chain.6.bn.running_var----
Missing Keys: ----backbone.neuro_net.2.warp_net.backbone.dec_blocks.2.pw2.conv.weight----
Missing Keys: ----backbone.neuro_net.2.warp_net.backbone.dec_blocks.2.pw2.bn.weight----
Missing Keys: ----backbone.neuro_net.2.warp_net.backbone.dec_blocks.2.pw2.bn.bias----
Missing Keys: ----backbone.neuro_net.2.warp_net.backbone.dec_blocks.2.pw2.bn.running_mean----
Missing Keys: ----backbone.neuro_net.2.warp_net.backbone.dec_blocks.2.pw2.bn.running_var----
Missing Keys: ----backbone.neuro_net.2.warp_net.backbone.dec_blocks.3.pw1.conv.weight----
Missing Keys: ----backbone.neuro_net.2.warp_net.backbone.dec_blocks.3.pw1.bn.weight----
Missing Keys: ----backbone.neuro_net.2.warp_net.backbone.dec_blocks.3.pw1.bn.bias----
Missing Keys: ----backbone.neuro_net.2.warp_net.backbone.dec_blocks.3.pw1.bn.running_mean----
Missing Keys: ----backbone.neuro_net.2.warp_net.backbone.dec_blocks.3.pw1.bn.running_var----
Missing Keys: ----backbone.neuro_net.2.warp_net.backbone.dec_blocks.3.dw_chain.0.conv.weight----
Missing Keys: ----backbone.neuro_net.2.warp_net.backbone.dec_blocks.3.dw_chain.0.bn.weight----
Missing Keys: ----backbone.neuro_net.2.warp_net.backbone.dec_blocks.3.dw_chain.0.bn.bias----
Missing Keys: ----backbone.neuro_net.2.warp_net.backbone.dec_blocks.3.dw_chain.0.bn.running_mean----
Missing Keys: ----backbone.neuro_net.2.warp_net.backbone.dec_blocks.3.dw_chain.0.bn.running_var----
Missing Keys: ----backbone.neuro_net.2.warp_net.backbone.dec_blocks.3.dw_chain.1.conv.weight----
Missing Keys: ----backbone.neuro_net.2.warp_net.backbone.dec_blocks.3.dw_chain.1.bn.weight----
Missing Keys: ----backbone.neuro_net.2.warp_net.backbone.dec_blocks.3.dw_chain.1.bn.bias----
Missing Keys: ----backbone.neuro_net.2.warp_net.backbone.dec_blocks.3.dw_chain.1.bn.running_mean----
Missing Keys: ----backbone.neuro_net.2.warp_net.backbone.dec_blocks.3.dw_chain.1.bn.running_var----
Missing Keys: ----backbone.neuro_net.2.warp_net.backbone.dec_blocks.3.dw_chain.2.conv.weight----
Missing Keys: ----backbone.neuro_net.2.warp_net.backbone.dec_blocks.3.dw_chain.2.bn.weight----
Missing Keys: ----backbone.neuro_net.2.warp_net.backbone.dec_blocks.3.dw_chain.2.bn.bias----
Missing Keys: ----backbone.neuro_net.2.warp_net.backbone.dec_blocks.3.dw_chain.2.bn.running_mean----
Missing Keys: ----backbone.neuro_net.2.warp_net.backbone.dec_blocks.3.dw_chain.2.bn.running_var----
Missing Keys: ----backbone.neuro_net.2.warp_net.backbone.dec_blocks.3.dw_chain.3.conv.weight----
Missing Keys: ----backbone.neuro_net.2.warp_net.backbone.dec_blocks.3.dw_chain.3.bn.weight----
Missing Keys: ----backbone.neuro_net.2.warp_net.backbone.dec_blocks.3.dw_chain.3.bn.bias----
Missing Keys: ----backbone.neuro_net.2.warp_net.backbone.dec_blocks.3.dw_chain.3.bn.running_mean----
Missing Keys: ----backbone.neuro_net.2.warp_net.backbone.dec_blocks.3.dw_chain.3.bn.running_var----
Missing Keys: ----backbone.neuro_net.2.warp_net.backbone.dec_blocks.3.dw_chain.4.conv.weight----
Missing Keys: ----backbone.neuro_net.2.warp_net.backbone.dec_blocks.3.dw_chain.4.bn.weight----
Missing Keys: ----backbone.neuro_net.2.warp_net.backbone.dec_blocks.3.dw_chain.4.bn.bias----
Missing Keys: ----backbone.neuro_net.2.warp_net.backbone.dec_blocks.3.dw_chain.4.bn.running_mean----
Missing Keys: ----backbone.neuro_net.2.warp_net.backbone.dec_blocks.3.dw_chain.4.bn.running_var----
Missing Keys: ----backbone.neuro_net.2.warp_net.backbone.dec_blocks.3.dw_chain.5.conv.weight----
Missing Keys: ----backbone.neuro_net.2.warp_net.backbone.dec_blocks.3.dw_chain.5.bn.weight----
Missing Keys: ----backbone.neuro_net.2.warp_net.backbone.dec_blocks.3.dw_chain.5.bn.bias----
Missing Keys: ----backbone.neuro_net.2.warp_net.backbone.dec_blocks.3.dw_chain.5.bn.running_mean----
Missing Keys: ----backbone.neuro_net.2.warp_net.backbone.dec_blocks.3.dw_chain.5.bn.running_var----
Missing Keys: ----backbone.neuro_net.2.warp_net.backbone.dec_blocks.3.dw_chain.6.conv.weight----
Missing Keys: ----backbone.neuro_net.2.warp_net.backbone.dec_blocks.3.dw_chain.6.bn.weight----
Missing Keys: ----backbone.neuro_net.2.warp_net.backbone.dec_blocks.3.dw_chain.6.bn.bias----
Missing Keys: ----backbone.neuro_net.2.warp_net.backbone.dec_blocks.3.dw_chain.6.bn.running_mean----
Missing Keys: ----backbone.neuro_net.2.warp_net.backbone.dec_blocks.3.dw_chain.6.bn.running_var----
Missing Keys: ----backbone.neuro_net.2.warp_net.backbone.dec_blocks.3.pw2.conv.weight----
Missing Keys: ----backbone.neuro_net.2.warp_net.backbone.dec_blocks.3.pw2.bn.weight----
Missing Keys: ----backbone.neuro_net.2.warp_net.backbone.dec_blocks.3.pw2.bn.bias----
Missing Keys: ----backbone.neuro_net.2.warp_net.backbone.dec_blocks.3.pw2.bn.running_mean----
Missing Keys: ----backbone.neuro_net.2.warp_net.backbone.dec_blocks.3.pw2.bn.running_var----
Missing Keys: ----backbone.neuro_net.2.warp_net.backbone.head.conv.weight----
Missing Keys: ----backbone.neuro_net.2.warp_net.backbone.head.bn.weight----
Missing Keys: ----backbone.neuro_net.2.warp_net.backbone.head.bn.bias----
Missing Keys: ----backbone.neuro_net.2.warp_net.backbone.head.bn.running_mean----
Missing Keys: ----backbone.neuro_net.2.warp_net.backbone.head.bn.running_var----
Missing Keys: ----backbone.neuro_net.2.warp_net.global_blocks.0.norm1.weight----
Missing Keys: ----backbone.neuro_net.2.warp_net.global_blocks.0.norm1.bias----
Missing Keys: ----backbone.neuro_net.2.warp_net.global_blocks.0.attn.qkv.weight----
Missing Keys: ----backbone.neuro_net.2.warp_net.global_blocks.0.attn.proj.weight----
Missing Keys: ----backbone.neuro_net.2.warp_net.global_blocks.0.attn.proj.bias----
Missing Keys: ----backbone.neuro_net.2.warp_net.global_blocks.0.norm2.weight----
Missing Keys: ----backbone.neuro_net.2.warp_net.global_blocks.0.norm2.bias----
Missing Keys: ----backbone.neuro_net.2.warp_net.global_blocks.0.mlp.0.weight----
Missing Keys: ----backbone.neuro_net.2.warp_net.global_blocks.0.mlp.0.bias----
Missing Keys: ----backbone.neuro_net.2.warp_net.global_blocks.0.mlp.3.weight----
Missing Keys: ----backbone.neuro_net.2.warp_net.global_blocks.0.mlp.3.bias----
Missing Keys: ----backbone.neuro_net.2.warp_net.regressor.2.weight----
Missing Keys: ----backbone.neuro_net.2.warp_net.regressor.2.bias----
Missing Keys: ----backbone.neuro_net.2.warp_net.regressor.4.weight----
Missing Keys: ----backbone.neuro_net.2.warp_net.regressor.4.bias----
Missing Keys: ----backbone.neuro_net.2._gate.mlp.0.weight----
Missing Keys: ----backbone.neuro_net.2._gate.mlp.0.bias----
Missing Keys: ----backbone.neuro_net.2._gate.mlp.2.weight----
Missing Keys: ----backbone.neuro_net.2._gate.mlp.2.bias----
Missing Keys: ----backbone.neuro_net.2._gate.mlp.4.weight----
Missing Keys: ----backbone.neuro_net.2._gate.mlp.4.bias----
Learnable parameters and learning rates are shown below.

Group 1 (Learning rate: 0.0001):
  box_head.conv1_ctr.0.weight - torch.Size([256, 768, 3, 3])
  box_head.conv1_ctr.0.bias - torch.Size([256])
  box_head.conv1_ctr.1.weight - torch.Size([256])
  box_head.conv1_ctr.1.bias - torch.Size([256])
  box_head.conv2_ctr.0.weight - torch.Size([128, 256, 3, 3])
  box_head.conv2_ctr.0.bias - torch.Size([128])
  box_head.conv2_ctr.1.weight - torch.Size([128])
  box_head.conv2_ctr.1.bias - torch.Size([128])
  box_head.conv3_ctr.0.weight - torch.Size([64, 128, 3, 3])
  box_head.conv3_ctr.0.bias - torch.Size([64])
  box_head.conv3_ctr.1.weight - torch.Size([64])
  box_head.conv3_ctr.1.bias - torch.Size([64])
  box_head.conv4_ctr.0.weight - torch.Size([32, 64, 3, 3])
  box_head.conv4_ctr.0.bias - torch.Size([32])
  box_head.conv4_ctr.1.weight - torch.Size([32])
  box_head.conv4_ctr.1.bias - torch.Size([32])
  box_head.conv5_ctr.weight - torch.Size([1, 32, 1, 1])
  box_head.conv5_ctr.bias - torch.Size([1])
  box_head.conv1_offset.0.weight - torch.Size([256, 768, 3, 3])
  box_head.conv1_offset.0.bias - torch.Size([256])
  box_head.conv1_offset.1.weight - torch.Size([256])
  box_head.conv1_offset.1.bias - torch.Size([256])
  box_head.conv2_offset.0.weight - torch.Size([128, 256, 3, 3])
  box_head.conv2_offset.0.bias - torch.Size([128])
  box_head.conv2_offset.1.weight - torch.Size([128])
  box_head.conv2_offset.1.bias - torch.Size([128])
  box_head.conv3_offset.0.weight - torch.Size([64, 128, 3, 3])
  box_head.conv3_offset.0.bias - torch.Size([64])
  box_head.conv3_offset.1.weight - torch.Size([64])
  box_head.conv3_offset.1.bias - torch.Size([64])
  box_head.conv4_offset.0.weight - torch.Size([32, 64, 3, 3])
  box_head.conv4_offset.0.bias - torch.Size([32])
  box_head.conv4_offset.1.weight - torch.Size([32])
  box_head.conv4_offset.1.bias - torch.Size([32])
  box_head.conv5_offset.weight - torch.Size([2, 32, 1, 1])
  box_head.conv5_offset.bias - torch.Size([2])
  box_head.conv1_size.0.weight - torch.Size([256, 768, 3, 3])
  box_head.conv1_size.0.bias - torch.Size([256])
  box_head.conv1_size.1.weight - torch.Size([256])
  box_head.conv1_size.1.bias - torch.Size([256])
  box_head.conv2_size.0.weight - torch.Size([128, 256, 3, 3])
  box_head.conv2_size.0.bias - torch.Size([128])
  box_head.conv2_size.1.weight - torch.Size([128])
  box_head.conv2_size.1.bias - torch.Size([128])
  box_head.conv3_size.0.weight - torch.Size([64, 128, 3, 3])
  box_head.conv3_size.0.bias - torch.Size([64])
  box_head.conv3_size.1.weight - torch.Size([64])
  box_head.conv3_size.1.bias - torch.Size([64])
  box_head.conv4_size.0.weight - torch.Size([32, 64, 3, 3])
  box_head.conv4_size.0.bias - torch.Size([32])
  box_head.conv4_size.1.weight - torch.Size([32])
  box_head.conv4_size.1.bias - torch.Size([32])
  box_head.conv5_size.weight - torch.Size([2, 32, 1, 1])
  box_head.conv5_size.bias - torch.Size([2])

Group 2 (Learning rate: 1e-05):
  backbone.cls_token - torch.Size([1, 1, 768])
  backbone.pos_embed - torch.Size([1, 197, 768])
  backbone.pos_embed_z - torch.Size([1, 64, 768])
  backbone.pos_embed_x - torch.Size([1, 256, 768])
  backbone.patch_embed.proj.weight - torch.Size([768, 3, 16, 16])
  backbone.patch_embed.proj.bias - torch.Size([768])
  backbone.blocks.0.norm1.weight - torch.Size([768])
  backbone.blocks.0.norm1.bias - torch.Size([768])
  backbone.blocks.0.attn.qkv.weight - torch.Size([2304, 768])
  backbone.blocks.0.attn.qkv.bias - torch.Size([2304])
  backbone.blocks.0.attn.proj.weight - torch.Size([768, 768])
  backbone.blocks.0.attn.proj.bias - torch.Size([768])
  backbone.blocks.0.norm2.weight - torch.Size([768])
  backbone.blocks.0.norm2.bias - torch.Size([768])
  backbone.blocks.0.mlp.fc1.weight - torch.Size([3072, 768])
  backbone.blocks.0.mlp.fc1.bias - torch.Size([3072])
  backbone.blocks.0.mlp.fc2.weight - torch.Size([768, 3072])
  backbone.blocks.0.mlp.fc2.bias - torch.Size([768])
  backbone.blocks.1.norm1.weight - torch.Size([768])
  backbone.blocks.1.norm1.bias - torch.Size([768])
  backbone.blocks.1.attn.qkv.weight - torch.Size([2304, 768])
  backbone.blocks.1.attn.qkv.bias - torch.Size([2304])
  backbone.blocks.1.attn.proj.weight - torch.Size([768, 768])
  backbone.blocks.1.attn.proj.bias - torch.Size([768])
  backbone.blocks.1.norm2.weight - torch.Size([768])
  backbone.blocks.1.norm2.bias - torch.Size([768])
  backbone.blocks.1.mlp.fc1.weight - torch.Size([3072, 768])
  backbone.blocks.1.mlp.fc1.bias - torch.Size([3072])
  backbone.blocks.1.mlp.fc2.weight - torch.Size([768, 3072])
  backbone.blocks.1.mlp.fc2.bias - torch.Size([768])
  backbone.blocks.2.norm1.weight - torch.Size([768])
  backbone.blocks.2.norm1.bias - torch.Size([768])
  backbone.blocks.2.attn.qkv.weight - torch.Size([2304, 768])
  backbone.blocks.2.attn.qkv.bias - torch.Size([2304])
  backbone.blocks.2.attn.proj.weight - torch.Size([768, 768])
  backbone.blocks.2.attn.proj.bias - torch.Size([768])
  backbone.blocks.2.norm2.weight - torch.Size([768])
  backbone.blocks.2.norm2.bias - torch.Size([768])
  backbone.blocks.2.mlp.fc1.weight - torch.Size([3072, 768])
  backbone.blocks.2.mlp.fc1.bias - torch.Size([3072])
  backbone.blocks.2.mlp.fc2.weight - torch.Size([768, 3072])
  backbone.blocks.2.mlp.fc2.bias - torch.Size([768])
  backbone.blocks.3.norm1.weight - torch.Size([768])
  backbone.blocks.3.norm1.bias - torch.Size([768])
  backbone.blocks.3.attn.qkv.weight - torch.Size([2304, 768])
  backbone.blocks.3.attn.qkv.bias - torch.Size([2304])
  backbone.blocks.3.attn.proj.weight - torch.Size([768, 768])
  backbone.blocks.3.attn.proj.bias - torch.Size([768])
  backbone.blocks.3.norm2.weight - torch.Size([768])
  backbone.blocks.3.norm2.bias - torch.Size([768])
  backbone.blocks.3.mlp.fc1.weight - torch.Size([3072, 768])
  backbone.blocks.3.mlp.fc1.bias - torch.Size([3072])
  backbone.blocks.3.mlp.fc2.weight - torch.Size([768, 3072])
  backbone.blocks.3.mlp.fc2.bias - torch.Size([768])
  backbone.blocks.4.norm1.weight - torch.Size([768])
  backbone.blocks.4.norm1.bias - torch.Size([768])
  backbone.blocks.4.attn.qkv.weight - torch.Size([2304, 768])
  backbone.blocks.4.attn.qkv.bias - torch.Size([2304])
  backbone.blocks.4.attn.proj.weight - torch.Size([768, 768])
  backbone.blocks.4.attn.proj.bias - torch.Size([768])
  backbone.blocks.4.norm2.weight - torch.Size([768])
  backbone.blocks.4.norm2.bias - torch.Size([768])
  backbone.blocks.4.mlp.fc1.weight - torch.Size([3072, 768])
  backbone.blocks.4.mlp.fc1.bias - torch.Size([3072])
  backbone.blocks.4.mlp.fc2.weight - torch.Size([768, 3072])
  backbone.blocks.4.mlp.fc2.bias - torch.Size([768])
  backbone.blocks.5.norm1.weight - torch.Size([768])
  backbone.blocks.5.norm1.bias - torch.Size([768])
  backbone.blocks.5.attn.qkv.weight - torch.Size([2304, 768])
  backbone.blocks.5.attn.qkv.bias - torch.Size([2304])
  backbone.blocks.5.attn.proj.weight - torch.Size([768, 768])
  backbone.blocks.5.attn.proj.bias - torch.Size([768])
  backbone.blocks.5.norm2.weight - torch.Size([768])
  backbone.blocks.5.norm2.bias - torch.Size([768])
  backbone.blocks.5.mlp.fc1.weight - torch.Size([3072, 768])
  backbone.blocks.5.mlp.fc1.bias - torch.Size([3072])
  backbone.blocks.5.mlp.fc2.weight - torch.Size([768, 3072])
  backbone.blocks.5.mlp.fc2.bias - torch.Size([768])
  backbone.blocks.6.norm1.weight - torch.Size([768])
  backbone.blocks.6.norm1.bias - torch.Size([768])
  backbone.blocks.6.attn.qkv.weight - torch.Size([2304, 768])
  backbone.blocks.6.attn.qkv.bias - torch.Size([2304])
  backbone.blocks.6.attn.proj.weight - torch.Size([768, 768])
  backbone.blocks.6.attn.proj.bias - torch.Size([768])
  backbone.blocks.6.norm2.weight - torch.Size([768])
  backbone.blocks.6.norm2.bias - torch.Size([768])
  backbone.blocks.6.mlp.fc1.weight - torch.Size([3072, 768])
  backbone.blocks.6.mlp.fc1.bias - torch.Size([3072])
  backbone.blocks.6.mlp.fc2.weight - torch.Size([768, 3072])
  backbone.blocks.6.mlp.fc2.bias - torch.Size([768])
  backbone.blocks.7.norm1.weight - torch.Size([768])
  backbone.blocks.7.norm1.bias - torch.Size([768])
  backbone.blocks.7.attn.qkv.weight - torch.Size([2304, 768])
  backbone.blocks.7.attn.qkv.bias - torch.Size([2304])
  backbone.blocks.7.attn.proj.weight - torch.Size([768, 768])
  backbone.blocks.7.attn.proj.bias - torch.Size([768])
  backbone.blocks.7.norm2.weight - torch.Size([768])
  backbone.blocks.7.norm2.bias - torch.Size([768])
  backbone.blocks.7.mlp.fc1.weight - torch.Size([3072, 768])
  backbone.blocks.7.mlp.fc1.bias - torch.Size([3072])
  backbone.blocks.7.mlp.fc2.weight - torch.Size([768, 3072])
  backbone.blocks.7.mlp.fc2.bias - torch.Size([768])
  backbone.blocks.8.norm1.weight - torch.Size([768])
  backbone.blocks.8.norm1.bias - torch.Size([768])
  backbone.blocks.8.attn.qkv.weight - torch.Size([2304, 768])
  backbone.blocks.8.attn.qkv.bias - torch.Size([2304])
  backbone.blocks.8.attn.proj.weight - torch.Size([768, 768])
  backbone.blocks.8.attn.proj.bias - torch.Size([768])
  backbone.blocks.8.norm2.weight - torch.Size([768])
  backbone.blocks.8.norm2.bias - torch.Size([768])
  backbone.blocks.8.mlp.fc1.weight - torch.Size([3072, 768])
  backbone.blocks.8.mlp.fc1.bias - torch.Size([3072])
  backbone.blocks.8.mlp.fc2.weight - torch.Size([768, 3072])
  backbone.blocks.8.mlp.fc2.bias - torch.Size([768])
  backbone.blocks.9.norm1.weight - torch.Size([768])
  backbone.blocks.9.norm1.bias - torch.Size([768])
  backbone.blocks.9.attn.qkv.weight - torch.Size([2304, 768])
  backbone.blocks.9.attn.qkv.bias - torch.Size([2304])
  backbone.blocks.9.attn.proj.weight - torch.Size([768, 768])
  backbone.blocks.9.attn.proj.bias - torch.Size([768])
  backbone.blocks.9.norm2.weight - torch.Size([768])
  backbone.blocks.9.norm2.bias - torch.Size([768])
  backbone.blocks.9.mlp.fc1.weight - torch.Size([3072, 768])
  backbone.blocks.9.mlp.fc1.bias - torch.Size([3072])
  backbone.blocks.9.mlp.fc2.weight - torch.Size([768, 3072])
  backbone.blocks.9.mlp.fc2.bias - torch.Size([768])
  backbone.blocks.10.norm1.weight - torch.Size([768])
  backbone.blocks.10.norm1.bias - torch.Size([768])
  backbone.blocks.10.attn.qkv.weight - torch.Size([2304, 768])
  backbone.blocks.10.attn.qkv.bias - torch.Size([2304])
  backbone.blocks.10.attn.proj.weight - torch.Size([768, 768])
  backbone.blocks.10.attn.proj.bias - torch.Size([768])
  backbone.blocks.10.norm2.weight - torch.Size([768])
  backbone.blocks.10.norm2.bias - torch.Size([768])
  backbone.blocks.10.mlp.fc1.weight - torch.Size([3072, 768])
  backbone.blocks.10.mlp.fc1.bias - torch.Size([3072])
  backbone.blocks.10.mlp.fc2.weight - torch.Size([768, 3072])
  backbone.blocks.10.mlp.fc2.bias - torch.Size([768])
  backbone.blocks.11.norm1.weight - torch.Size([768])
  backbone.blocks.11.norm1.bias - torch.Size([768])
  backbone.blocks.11.attn.qkv.weight - torch.Size([2304, 768])
  backbone.blocks.11.attn.qkv.bias - torch.Size([2304])
  backbone.blocks.11.attn.proj.weight - torch.Size([768, 768])
  backbone.blocks.11.attn.proj.bias - torch.Size([768])
  backbone.blocks.11.norm2.weight - torch.Size([768])
  backbone.blocks.11.norm2.bias - torch.Size([768])
  backbone.blocks.11.mlp.fc1.weight - torch.Size([3072, 768])
  backbone.blocks.11.mlp.fc1.bias - torch.Size([3072])
  backbone.blocks.11.mlp.fc2.weight - torch.Size([768, 3072])
  backbone.blocks.11.mlp.fc2.bias - torch.Size([768])
  backbone.norm.weight - torch.Size([768])
  backbone.norm.bias - torch.Size([768])
  backbone.interaction_layers_v2i.0.delta_scale - torch.Size([])
  backbone.interaction_layers_v2i.0.offset_mlp.weight - torch.Size([64, 768])
  backbone.interaction_layers_v2i.0.offset_mlp.bias - torch.Size([64])
  backbone.interaction_layers_v2i.0.attn_mlp.weight - torch.Size([32, 768])
  backbone.interaction_layers_v2i.0.attn_mlp.bias - torch.Size([32])
  backbone.interaction_layers_v2i.0.v_proj.weight - torch.Size([768, 768, 1, 1])
  backbone.interaction_layers_v2i.0.v_proj.bias - torch.Size([768])
  backbone.interaction_layers_v2i.0.out_proj.weight - torch.Size([768, 768])
  backbone.interaction_layers_v2i.0.out_proj.bias - torch.Size([768])
  backbone.interaction_layers_v2i.1.delta_scale - torch.Size([])
  backbone.interaction_layers_v2i.1.offset_mlp.weight - torch.Size([64, 768])
  backbone.interaction_layers_v2i.1.offset_mlp.bias - torch.Size([64])
  backbone.interaction_layers_v2i.1.attn_mlp.weight - torch.Size([32, 768])
  backbone.interaction_layers_v2i.1.attn_mlp.bias - torch.Size([32])
  backbone.interaction_layers_v2i.1.v_proj.weight - torch.Size([768, 768, 1, 1])
  backbone.interaction_layers_v2i.1.v_proj.bias - torch.Size([768])
  backbone.interaction_layers_v2i.1.out_proj.weight - torch.Size([768, 768])
  backbone.interaction_layers_v2i.1.out_proj.bias - torch.Size([768])
  backbone.interaction_layers_v2i.2.delta_scale - torch.Size([])
  backbone.interaction_layers_v2i.2.offset_mlp.weight - torch.Size([64, 768])
  backbone.interaction_layers_v2i.2.offset_mlp.bias - torch.Size([64])
  backbone.interaction_layers_v2i.2.attn_mlp.weight - torch.Size([32, 768])
  backbone.interaction_layers_v2i.2.attn_mlp.bias - torch.Size([32])
  backbone.interaction_layers_v2i.2.v_proj.weight - torch.Size([768, 768, 1, 1])
  backbone.interaction_layers_v2i.2.v_proj.bias - torch.Size([768])
  backbone.interaction_layers_v2i.2.out_proj.weight - torch.Size([768, 768])
  backbone.interaction_layers_v2i.2.out_proj.bias - torch.Size([768])
  backbone.interaction_layers_i2v.0.delta_scale - torch.Size([])
  backbone.interaction_layers_i2v.0.offset_mlp.weight - torch.Size([64, 768])
  backbone.interaction_layers_i2v.0.offset_mlp.bias - torch.Size([64])
  backbone.interaction_layers_i2v.0.attn_mlp.weight - torch.Size([32, 768])
  backbone.interaction_layers_i2v.0.attn_mlp.bias - torch.Size([32])
  backbone.interaction_layers_i2v.0.v_proj.weight - torch.Size([768, 768, 1, 1])
  backbone.interaction_layers_i2v.0.v_proj.bias - torch.Size([768])
  backbone.interaction_layers_i2v.0.out_proj.weight - torch.Size([768, 768])
  backbone.interaction_layers_i2v.0.out_proj.bias - torch.Size([768])
  backbone.interaction_layers_i2v.1.delta_scale - torch.Size([])
  backbone.interaction_layers_i2v.1.offset_mlp.weight - torch.Size([64, 768])
  backbone.interaction_layers_i2v.1.offset_mlp.bias - torch.Size([64])
  backbone.interaction_layers_i2v.1.attn_mlp.weight - torch.Size([32, 768])
  backbone.interaction_layers_i2v.1.attn_mlp.bias - torch.Size([32])
  backbone.interaction_layers_i2v.1.v_proj.weight - torch.Size([768, 768, 1, 1])
  backbone.interaction_layers_i2v.1.v_proj.bias - torch.Size([768])
  backbone.interaction_layers_i2v.1.out_proj.weight - torch.Size([768, 768])
  backbone.interaction_layers_i2v.1.out_proj.bias - torch.Size([768])
  backbone.interaction_layers_i2v.2.delta_scale - torch.Size([])
  backbone.interaction_layers_i2v.2.offset_mlp.weight - torch.Size([64, 768])
  backbone.interaction_layers_i2v.2.offset_mlp.bias - torch.Size([64])
  backbone.interaction_layers_i2v.2.attn_mlp.weight - torch.Size([32, 768])
  backbone.interaction_layers_i2v.2.attn_mlp.bias - torch.Size([32])
  backbone.interaction_layers_i2v.2.v_proj.weight - torch.Size([768, 768, 1, 1])
  backbone.interaction_layers_i2v.2.v_proj.bias - torch.Size([768])
  backbone.interaction_layers_i2v.2.out_proj.weight - torch.Size([768, 768])
  backbone.interaction_layers_i2v.2.out_proj.bias - torch.Size([768])
  backbone.neuro_net.0.shift_net.rgb_proj.0.weight - torch.Size([768, 768])
  backbone.neuro_net.0.shift_net.rgb_proj.0.bias - torch.Size([768])
  backbone.neuro_net.0.shift_net.rgb_proj.2.weight - torch.Size([768, 768])
  backbone.neuro_net.0.shift_net.rgb_proj.2.bias - torch.Size([768])
  backbone.neuro_net.0.shift_net.tir_proj.0.weight - torch.Size([768, 768])
  backbone.neuro_net.0.shift_net.tir_proj.0.bias - torch.Size([768])
  backbone.neuro_net.0.shift_net.tir_proj.2.weight - torch.Size([768, 768])
  backbone.neuro_net.0.shift_net.tir_proj.2.bias - torch.Size([768])
  backbone.neuro_net.0.shift_net.norm1.weight - torch.Size([768])
  backbone.neuro_net.0.shift_net.norm1.bias - torch.Size([768])
  backbone.neuro_net.0.shift_net.refiner.0.weight - torch.Size([8, 1, 3, 3])
  backbone.neuro_net.0.shift_net.refiner.0.bias - torch.Size([8])
  backbone.neuro_net.0.shift_net.refiner.2.weight - torch.Size([16, 8, 3, 3])
  backbone.neuro_net.0.shift_net.refiner.2.bias - torch.Size([16])
  backbone.neuro_net.0.shift_net.refiner.6.weight - torch.Size([5, 16])
  backbone.neuro_net.0.shift_net.refiner.6.bias - torch.Size([5])
  backbone.neuro_net.0.scale_net.alpha1 - torch.Size([])
  backbone.neuro_net.0.scale_net.alpha2 - torch.Size([])
  backbone.neuro_net.0.scale_net.rgb_proj.weight - torch.Size([768, 768])
  backbone.neuro_net.0.scale_net.tir_proj.weight - torch.Size([768, 768])
  backbone.neuro_net.0.scale_net.band_gate_rgb.mlp.0.weight - torch.Size([1024, 1536])
  backbone.neuro_net.0.scale_net.band_gate_rgb.mlp.0.bias - torch.Size([1024])
  backbone.neuro_net.0.scale_net.band_gate_rgb.mlp.2.weight - torch.Size([2, 1024])
  backbone.neuro_net.0.scale_net.band_gate_rgb.mlp.2.bias - torch.Size([2])
  backbone.neuro_net.0.scale_net.band_gate_tir.mlp.0.weight - torch.Size([1024, 1536])
  backbone.neuro_net.0.scale_net.band_gate_tir.mlp.0.bias - torch.Size([1024])
  backbone.neuro_net.0.scale_net.band_gate_tir.mlp.2.weight - torch.Size([2, 1024])
  backbone.neuro_net.0.scale_net.band_gate_tir.mlp.2.bias - torch.Size([2])
  backbone.neuro_net.0.scale_net.norm1.weight - torch.Size([768])
  backbone.neuro_net.0.scale_net.norm1.bias - torch.Size([768])
  backbone.neuro_net.0.scale_net.conv_head.blocks.0.0.weight - torch.Size([64, 1, 3, 3])
  backbone.neuro_net.0.scale_net.conv_head.blocks.0.0.bias - torch.Size([64])
  backbone.neuro_net.0.scale_net.conv_head.blocks.0.2.weight - torch.Size([64, 64, 3, 3])
  backbone.neuro_net.0.scale_net.conv_head.blocks.0.2.bias - torch.Size([64])
  backbone.neuro_net.0.scale_net.conv_head.blocks.1.0.weight - torch.Size([64, 1, 3, 3])
  backbone.neuro_net.0.scale_net.conv_head.blocks.1.0.bias - torch.Size([64])
  backbone.neuro_net.0.scale_net.conv_head.blocks.1.2.weight - torch.Size([64, 64, 3, 3])
  backbone.neuro_net.0.scale_net.conv_head.blocks.1.2.bias - torch.Size([64])
  backbone.neuro_net.0.scale_net.conv_head.blocks.2.0.weight - torch.Size([64, 1, 3, 3])
  backbone.neuro_net.0.scale_net.conv_head.blocks.2.0.bias - torch.Size([64])
  backbone.neuro_net.0.scale_net.conv_head.blocks.2.2.weight - torch.Size([64, 64, 3, 3])
  backbone.neuro_net.0.scale_net.conv_head.blocks.2.2.bias - torch.Size([64])
  backbone.neuro_net.0.scale_net.conv_head.fuse.0.weight - torch.Size([64, 192, 1, 1])
  backbone.neuro_net.0.scale_net.conv_head.fuse.0.bias - torch.Size([64])
  backbone.neuro_net.0.scale_net.conv_head.head.weight - torch.Size([5, 64])
  backbone.neuro_net.0.scale_net.conv_head.head.bias - torch.Size([5])
  backbone.neuro_net.0.warp_net.backbone.enc_blocks.0.pw1.conv.weight - torch.Size([32, 768, 1, 1])
  backbone.neuro_net.0.warp_net.backbone.enc_blocks.0.pw1.bn.weight - torch.Size([32])
  backbone.neuro_net.0.warp_net.backbone.enc_blocks.0.pw1.bn.bias - torch.Size([32])
  backbone.neuro_net.0.warp_net.backbone.enc_blocks.0.dw_chain.0.conv.weight - torch.Size([16, 1, 3, 3])
  backbone.neuro_net.0.warp_net.backbone.enc_blocks.0.dw_chain.0.bn.weight - torch.Size([16])
  backbone.neuro_net.0.warp_net.backbone.enc_blocks.0.dw_chain.0.bn.bias - torch.Size([16])
  backbone.neuro_net.0.warp_net.backbone.enc_blocks.0.dw_chain.1.conv.weight - torch.Size([16, 1, 3, 3])
  backbone.neuro_net.0.warp_net.backbone.enc_blocks.0.dw_chain.1.bn.weight - torch.Size([16])
  backbone.neuro_net.0.warp_net.backbone.enc_blocks.0.dw_chain.1.bn.bias - torch.Size([16])
  backbone.neuro_net.0.warp_net.backbone.enc_blocks.0.dw_chain.2.conv.weight - torch.Size([16, 1, 3, 3])
  backbone.neuro_net.0.warp_net.backbone.enc_blocks.0.dw_chain.2.bn.weight - torch.Size([16])
  backbone.neuro_net.0.warp_net.backbone.enc_blocks.0.dw_chain.2.bn.bias - torch.Size([16])
  backbone.neuro_net.0.warp_net.backbone.enc_blocks.0.dw_chain.3.conv.weight - torch.Size([16, 1, 3, 3])
  backbone.neuro_net.0.warp_net.backbone.enc_blocks.0.dw_chain.3.bn.weight - torch.Size([16])
  backbone.neuro_net.0.warp_net.backbone.enc_blocks.0.dw_chain.3.bn.bias - torch.Size([16])
  backbone.neuro_net.0.warp_net.backbone.enc_blocks.0.dw_chain.4.conv.weight - torch.Size([16, 1, 3, 3])
  backbone.neuro_net.0.warp_net.backbone.enc_blocks.0.dw_chain.4.bn.weight - torch.Size([16])
  backbone.neuro_net.0.warp_net.backbone.enc_blocks.0.dw_chain.4.bn.bias - torch.Size([16])
  backbone.neuro_net.0.warp_net.backbone.enc_blocks.0.dw_chain.5.conv.weight - torch.Size([16, 1, 3, 3])
  backbone.neuro_net.0.warp_net.backbone.enc_blocks.0.dw_chain.5.bn.weight - torch.Size([16])
  backbone.neuro_net.0.warp_net.backbone.enc_blocks.0.dw_chain.5.bn.bias - torch.Size([16])
  backbone.neuro_net.0.warp_net.backbone.enc_blocks.0.dw_chain.6.conv.weight - torch.Size([16, 1, 3, 3])
  backbone.neuro_net.0.warp_net.backbone.enc_blocks.0.dw_chain.6.bn.weight - torch.Size([16])
  backbone.neuro_net.0.warp_net.backbone.enc_blocks.0.dw_chain.6.bn.bias - torch.Size([16])
  backbone.neuro_net.0.warp_net.backbone.enc_blocks.0.pw2.conv.weight - torch.Size([256, 128, 1, 1])
  backbone.neuro_net.0.warp_net.backbone.enc_blocks.0.pw2.bn.weight - torch.Size([256])
  backbone.neuro_net.0.warp_net.backbone.enc_blocks.0.pw2.bn.bias - torch.Size([256])
  backbone.neuro_net.0.warp_net.backbone.enc_blocks.1.pw1.conv.weight - torch.Size([64, 256, 1, 1])
  backbone.neuro_net.0.warp_net.backbone.enc_blocks.1.pw1.bn.weight - torch.Size([64])
  backbone.neuro_net.0.warp_net.backbone.enc_blocks.1.pw1.bn.bias - torch.Size([64])
  backbone.neuro_net.0.warp_net.backbone.enc_blocks.1.dw_chain.0.conv.weight - torch.Size([32, 1, 3, 3])
  backbone.neuro_net.0.warp_net.backbone.enc_blocks.1.dw_chain.0.bn.weight - torch.Size([32])
  backbone.neuro_net.0.warp_net.backbone.enc_blocks.1.dw_chain.0.bn.bias - torch.Size([32])
  backbone.neuro_net.0.warp_net.backbone.enc_blocks.1.dw_chain.1.conv.weight - torch.Size([32, 1, 3, 3])
  backbone.neuro_net.0.warp_net.backbone.enc_blocks.1.dw_chain.1.bn.weight - torch.Size([32])
  backbone.neuro_net.0.warp_net.backbone.enc_blocks.1.dw_chain.1.bn.bias - torch.Size([32])
  backbone.neuro_net.0.warp_net.backbone.enc_blocks.1.dw_chain.2.conv.weight - torch.Size([32, 1, 3, 3])
  backbone.neuro_net.0.warp_net.backbone.enc_blocks.1.dw_chain.2.bn.weight - torch.Size([32])
  backbone.neuro_net.0.warp_net.backbone.enc_blocks.1.dw_chain.2.bn.bias - torch.Size([32])
  backbone.neuro_net.0.warp_net.backbone.enc_blocks.1.dw_chain.3.conv.weight - torch.Size([32, 1, 3, 3])
  backbone.neuro_net.0.warp_net.backbone.enc_blocks.1.dw_chain.3.bn.weight - torch.Size([32])
  backbone.neuro_net.0.warp_net.backbone.enc_blocks.1.dw_chain.3.bn.bias - torch.Size([32])
  backbone.neuro_net.0.warp_net.backbone.enc_blocks.1.dw_chain.4.conv.weight - torch.Size([32, 1, 3, 3])
  backbone.neuro_net.0.warp_net.backbone.enc_blocks.1.dw_chain.4.bn.weight - torch.Size([32])
  backbone.neuro_net.0.warp_net.backbone.enc_blocks.1.dw_chain.4.bn.bias - torch.Size([32])
  backbone.neuro_net.0.warp_net.backbone.enc_blocks.1.dw_chain.5.conv.weight - torch.Size([32, 1, 3, 3])
  backbone.neuro_net.0.warp_net.backbone.enc_blocks.1.dw_chain.5.bn.weight - torch.Size([32])
  backbone.neuro_net.0.warp_net.backbone.enc_blocks.1.dw_chain.5.bn.bias - torch.Size([32])
  backbone.neuro_net.0.warp_net.backbone.enc_blocks.1.dw_chain.6.conv.weight - torch.Size([32, 1, 3, 3])
  backbone.neuro_net.0.warp_net.backbone.enc_blocks.1.dw_chain.6.bn.weight - torch.Size([32])
  backbone.neuro_net.0.warp_net.backbone.enc_blocks.1.dw_chain.6.bn.bias - torch.Size([32])
  backbone.neuro_net.0.warp_net.backbone.enc_blocks.1.pw2.conv.weight - torch.Size([512, 256, 1, 1])
  backbone.neuro_net.0.warp_net.backbone.enc_blocks.1.pw2.bn.weight - torch.Size([512])
  backbone.neuro_net.0.warp_net.backbone.enc_blocks.1.pw2.bn.bias - torch.Size([512])
  backbone.neuro_net.0.warp_net.backbone.enc_blocks.2.pw1.conv.weight - torch.Size([128, 512, 1, 1])
  backbone.neuro_net.0.warp_net.backbone.enc_blocks.2.pw1.bn.weight - torch.Size([128])
  backbone.neuro_net.0.warp_net.backbone.enc_blocks.2.pw1.bn.bias - torch.Size([128])
  backbone.neuro_net.0.warp_net.backbone.enc_blocks.2.dw_chain.0.conv.weight - torch.Size([64, 1, 3, 3])
  backbone.neuro_net.0.warp_net.backbone.enc_blocks.2.dw_chain.0.bn.weight - torch.Size([64])
  backbone.neuro_net.0.warp_net.backbone.enc_blocks.2.dw_chain.0.bn.bias - torch.Size([64])
  backbone.neuro_net.0.warp_net.backbone.enc_blocks.2.dw_chain.1.conv.weight - torch.Size([64, 1, 3, 3])
  backbone.neuro_net.0.warp_net.backbone.enc_blocks.2.dw_chain.1.bn.weight - torch.Size([64])
  backbone.neuro_net.0.warp_net.backbone.enc_blocks.2.dw_chain.1.bn.bias - torch.Size([64])
  backbone.neuro_net.0.warp_net.backbone.enc_blocks.2.dw_chain.2.conv.weight - torch.Size([64, 1, 3, 3])
  backbone.neuro_net.0.warp_net.backbone.enc_blocks.2.dw_chain.2.bn.weight - torch.Size([64])
  backbone.neuro_net.0.warp_net.backbone.enc_blocks.2.dw_chain.2.bn.bias - torch.Size([64])
  backbone.neuro_net.0.warp_net.backbone.enc_blocks.2.dw_chain.3.conv.weight - torch.Size([64, 1, 3, 3])
  backbone.neuro_net.0.warp_net.backbone.enc_blocks.2.dw_chain.3.bn.weight - torch.Size([64])
  backbone.neuro_net.0.warp_net.backbone.enc_blocks.2.dw_chain.3.bn.bias - torch.Size([64])
  backbone.neuro_net.0.warp_net.backbone.enc_blocks.2.dw_chain.4.conv.weight - torch.Size([64, 1, 3, 3])
  backbone.neuro_net.0.warp_net.backbone.enc_blocks.2.dw_chain.4.bn.weight - torch.Size([64])
  backbone.neuro_net.0.warp_net.backbone.enc_blocks.2.dw_chain.4.bn.bias - torch.Size([64])
  backbone.neuro_net.0.warp_net.backbone.enc_blocks.2.dw_chain.5.conv.weight - torch.Size([64, 1, 3, 3])
  backbone.neuro_net.0.warp_net.backbone.enc_blocks.2.dw_chain.5.bn.weight - torch.Size([64])
  backbone.neuro_net.0.warp_net.backbone.enc_blocks.2.dw_chain.5.bn.bias - torch.Size([64])
  backbone.neuro_net.0.warp_net.backbone.enc_blocks.2.dw_chain.6.conv.weight - torch.Size([64, 1, 3, 3])
  backbone.neuro_net.0.warp_net.backbone.enc_blocks.2.dw_chain.6.bn.weight - torch.Size([64])
  backbone.neuro_net.0.warp_net.backbone.enc_blocks.2.dw_chain.6.bn.bias - torch.Size([64])
  backbone.neuro_net.0.warp_net.backbone.enc_blocks.2.pw2.conv.weight - torch.Size([1024, 512, 1, 1])
  backbone.neuro_net.0.warp_net.backbone.enc_blocks.2.pw2.bn.weight - torch.Size([1024])
  backbone.neuro_net.0.warp_net.backbone.enc_blocks.2.pw2.bn.bias - torch.Size([1024])
  backbone.neuro_net.0.warp_net.backbone.enc_blocks.3.pw1.conv.weight - torch.Size([256, 1024, 1, 1])
  backbone.neuro_net.0.warp_net.backbone.enc_blocks.3.pw1.bn.weight - torch.Size([256])
  backbone.neuro_net.0.warp_net.backbone.enc_blocks.3.pw1.bn.bias - torch.Size([256])
  backbone.neuro_net.0.warp_net.backbone.enc_blocks.3.dw_chain.0.conv.weight - torch.Size([128, 1, 3, 3])
  backbone.neuro_net.0.warp_net.backbone.enc_blocks.3.dw_chain.0.bn.weight - torch.Size([128])
  backbone.neuro_net.0.warp_net.backbone.enc_blocks.3.dw_chain.0.bn.bias - torch.Size([128])
  backbone.neuro_net.0.warp_net.backbone.enc_blocks.3.dw_chain.1.conv.weight - torch.Size([128, 1, 3, 3])
  backbone.neuro_net.0.warp_net.backbone.enc_blocks.3.dw_chain.1.bn.weight - torch.Size([128])
  backbone.neuro_net.0.warp_net.backbone.enc_blocks.3.dw_chain.1.bn.bias - torch.Size([128])
  backbone.neuro_net.0.warp_net.backbone.enc_blocks.3.dw_chain.2.conv.weight - torch.Size([128, 1, 3, 3])
  backbone.neuro_net.0.warp_net.backbone.enc_blocks.3.dw_chain.2.bn.weight - torch.Size([128])
  backbone.neuro_net.0.warp_net.backbone.enc_blocks.3.dw_chain.2.bn.bias - torch.Size([128])
  backbone.neuro_net.0.warp_net.backbone.enc_blocks.3.dw_chain.3.conv.weight - torch.Size([128, 1, 3, 3])
  backbone.neuro_net.0.warp_net.backbone.enc_blocks.3.dw_chain.3.bn.weight - torch.Size([128])
  backbone.neuro_net.0.warp_net.backbone.enc_blocks.3.dw_chain.3.bn.bias - torch.Size([128])
  backbone.neuro_net.0.warp_net.backbone.enc_blocks.3.dw_chain.4.conv.weight - torch.Size([128, 1, 3, 3])
  backbone.neuro_net.0.warp_net.backbone.enc_blocks.3.dw_chain.4.bn.weight - torch.Size([128])
  backbone.neuro_net.0.warp_net.backbone.enc_blocks.3.dw_chain.4.bn.bias - torch.Size([128])
  backbone.neuro_net.0.warp_net.backbone.enc_blocks.3.dw_chain.5.conv.weight - torch.Size([128, 1, 3, 3])
  backbone.neuro_net.0.warp_net.backbone.enc_blocks.3.dw_chain.5.bn.weight - torch.Size([128])
  backbone.neuro_net.0.warp_net.backbone.enc_blocks.3.dw_chain.5.bn.bias - torch.Size([128])
  backbone.neuro_net.0.warp_net.backbone.enc_blocks.3.dw_chain.6.conv.weight - torch.Size([128, 1, 3, 3])
  backbone.neuro_net.0.warp_net.backbone.enc_blocks.3.dw_chain.6.bn.weight - torch.Size([128])
  backbone.neuro_net.0.warp_net.backbone.enc_blocks.3.dw_chain.6.bn.bias - torch.Size([128])
  backbone.neuro_net.0.warp_net.backbone.enc_blocks.3.pw2.conv.weight - torch.Size([2048, 1024, 1, 1])
  backbone.neuro_net.0.warp_net.backbone.enc_blocks.3.pw2.bn.weight - torch.Size([2048])
  backbone.neuro_net.0.warp_net.backbone.enc_blocks.3.pw2.bn.bias - torch.Size([2048])
  backbone.neuro_net.0.warp_net.backbone.bottleneck.pw1.conv.weight - torch.Size([256, 2048, 1, 1])
  backbone.neuro_net.0.warp_net.backbone.bottleneck.pw1.bn.weight - torch.Size([256])
  backbone.neuro_net.0.warp_net.backbone.bottleneck.pw1.bn.bias - torch.Size([256])
  backbone.neuro_net.0.warp_net.backbone.bottleneck.dw_chain.0.conv.weight - torch.Size([128, 1, 3, 3])
  backbone.neuro_net.0.warp_net.backbone.bottleneck.dw_chain.0.bn.weight - torch.Size([128])
  backbone.neuro_net.0.warp_net.backbone.bottleneck.dw_chain.0.bn.bias - torch.Size([128])
  backbone.neuro_net.0.warp_net.backbone.bottleneck.dw_chain.1.conv.weight - torch.Size([128, 1, 3, 3])
  backbone.neuro_net.0.warp_net.backbone.bottleneck.dw_chain.1.bn.weight - torch.Size([128])
  backbone.neuro_net.0.warp_net.backbone.bottleneck.dw_chain.1.bn.bias - torch.Size([128])
  backbone.neuro_net.0.warp_net.backbone.bottleneck.dw_chain.2.conv.weight - torch.Size([128, 1, 3, 3])
  backbone.neuro_net.0.warp_net.backbone.bottleneck.dw_chain.2.bn.weight - torch.Size([128])
  backbone.neuro_net.0.warp_net.backbone.bottleneck.dw_chain.2.bn.bias - torch.Size([128])
  backbone.neuro_net.0.warp_net.backbone.bottleneck.dw_chain.3.conv.weight - torch.Size([128, 1, 3, 3])
  backbone.neuro_net.0.warp_net.backbone.bottleneck.dw_chain.3.bn.weight - torch.Size([128])
  backbone.neuro_net.0.warp_net.backbone.bottleneck.dw_chain.3.bn.bias - torch.Size([128])
  backbone.neuro_net.0.warp_net.backbone.bottleneck.dw_chain.4.conv.weight - torch.Size([128, 1, 3, 3])
  backbone.neuro_net.0.warp_net.backbone.bottleneck.dw_chain.4.bn.weight - torch.Size([128])
  backbone.neuro_net.0.warp_net.backbone.bottleneck.dw_chain.4.bn.bias - torch.Size([128])
  backbone.neuro_net.0.warp_net.backbone.bottleneck.dw_chain.5.conv.weight - torch.Size([128, 1, 3, 3])
  backbone.neuro_net.0.warp_net.backbone.bottleneck.dw_chain.5.bn.weight - torch.Size([128])
  backbone.neuro_net.0.warp_net.backbone.bottleneck.dw_chain.5.bn.bias - torch.Size([128])
  backbone.neuro_net.0.warp_net.backbone.bottleneck.dw_chain.6.conv.weight - torch.Size([128, 1, 3, 3])
  backbone.neuro_net.0.warp_net.backbone.bottleneck.dw_chain.6.bn.weight - torch.Size([128])
  backbone.neuro_net.0.warp_net.backbone.bottleneck.dw_chain.6.bn.bias - torch.Size([128])
  backbone.neuro_net.0.warp_net.backbone.bottleneck.pw2.conv.weight - torch.Size([2048, 1024, 1, 1])
  backbone.neuro_net.0.warp_net.backbone.bottleneck.pw2.bn.weight - torch.Size([2048])
  backbone.neuro_net.0.warp_net.backbone.bottleneck.pw2.bn.bias - torch.Size([2048])
  backbone.neuro_net.0.warp_net.backbone.dec_blocks.0.pw1.conv.weight - torch.Size([256, 4096, 1, 1])
  backbone.neuro_net.0.warp_net.backbone.dec_blocks.0.pw1.bn.weight - torch.Size([256])
  backbone.neuro_net.0.warp_net.backbone.dec_blocks.0.pw1.bn.bias - torch.Size([256])
  backbone.neuro_net.0.warp_net.backbone.dec_blocks.0.dw_chain.0.conv.weight - torch.Size([128, 1, 3, 3])
  backbone.neuro_net.0.warp_net.backbone.dec_blocks.0.dw_chain.0.bn.weight - torch.Size([128])
  backbone.neuro_net.0.warp_net.backbone.dec_blocks.0.dw_chain.0.bn.bias - torch.Size([128])
  backbone.neuro_net.0.warp_net.backbone.dec_blocks.0.dw_chain.1.conv.weight - torch.Size([128, 1, 3, 3])
  backbone.neuro_net.0.warp_net.backbone.dec_blocks.0.dw_chain.1.bn.weight - torch.Size([128])
  backbone.neuro_net.0.warp_net.backbone.dec_blocks.0.dw_chain.1.bn.bias - torch.Size([128])
  backbone.neuro_net.0.warp_net.backbone.dec_blocks.0.dw_chain.2.conv.weight - torch.Size([128, 1, 3, 3])
  backbone.neuro_net.0.warp_net.backbone.dec_blocks.0.dw_chain.2.bn.weight - torch.Size([128])
  backbone.neuro_net.0.warp_net.backbone.dec_blocks.0.dw_chain.2.bn.bias - torch.Size([128])
  backbone.neuro_net.0.warp_net.backbone.dec_blocks.0.dw_chain.3.conv.weight - torch.Size([128, 1, 3, 3])
  backbone.neuro_net.0.warp_net.backbone.dec_blocks.0.dw_chain.3.bn.weight - torch.Size([128])
  backbone.neuro_net.0.warp_net.backbone.dec_blocks.0.dw_chain.3.bn.bias - torch.Size([128])
  backbone.neuro_net.0.warp_net.backbone.dec_blocks.0.dw_chain.4.conv.weight - torch.Size([128, 1, 3, 3])
  backbone.neuro_net.0.warp_net.backbone.dec_blocks.0.dw_chain.4.bn.weight - torch.Size([128])
  backbone.neuro_net.0.warp_net.backbone.dec_blocks.0.dw_chain.4.bn.bias - torch.Size([128])
  backbone.neuro_net.0.warp_net.backbone.dec_blocks.0.dw_chain.5.conv.weight - torch.Size([128, 1, 3, 3])
  backbone.neuro_net.0.warp_net.backbone.dec_blocks.0.dw_chain.5.bn.weight - torch.Size([128])
  backbone.neuro_net.0.warp_net.backbone.dec_blocks.0.dw_chain.5.bn.bias - torch.Size([128])
  backbone.neuro_net.0.warp_net.backbone.dec_blocks.0.dw_chain.6.conv.weight - torch.Size([128, 1, 3, 3])
  backbone.neuro_net.0.warp_net.backbone.dec_blocks.0.dw_chain.6.bn.weight - torch.Size([128])
  backbone.neuro_net.0.warp_net.backbone.dec_blocks.0.dw_chain.6.bn.bias - torch.Size([128])
  backbone.neuro_net.0.warp_net.backbone.dec_blocks.0.pw2.conv.weight - torch.Size([2048, 1024, 1, 1])
  backbone.neuro_net.0.warp_net.backbone.dec_blocks.0.pw2.bn.weight - torch.Size([2048])
  backbone.neuro_net.0.warp_net.backbone.dec_blocks.0.pw2.bn.bias - torch.Size([2048])
  backbone.neuro_net.0.warp_net.backbone.dec_blocks.1.pw1.conv.weight - torch.Size([128, 3072, 1, 1])
  backbone.neuro_net.0.warp_net.backbone.dec_blocks.1.pw1.bn.weight - torch.Size([128])
  backbone.neuro_net.0.warp_net.backbone.dec_blocks.1.pw1.bn.bias - torch.Size([128])
  backbone.neuro_net.0.warp_net.backbone.dec_blocks.1.dw_chain.0.conv.weight - torch.Size([64, 1, 3, 3])
  backbone.neuro_net.0.warp_net.backbone.dec_blocks.1.dw_chain.0.bn.weight - torch.Size([64])
  backbone.neuro_net.0.warp_net.backbone.dec_blocks.1.dw_chain.0.bn.bias - torch.Size([64])
  backbone.neuro_net.0.warp_net.backbone.dec_blocks.1.dw_chain.1.conv.weight - torch.Size([64, 1, 3, 3])
  backbone.neuro_net.0.warp_net.backbone.dec_blocks.1.dw_chain.1.bn.weight - torch.Size([64])
  backbone.neuro_net.0.warp_net.backbone.dec_blocks.1.dw_chain.1.bn.bias - torch.Size([64])
  backbone.neuro_net.0.warp_net.backbone.dec_blocks.1.dw_chain.2.conv.weight - torch.Size([64, 1, 3, 3])
  backbone.neuro_net.0.warp_net.backbone.dec_blocks.1.dw_chain.2.bn.weight - torch.Size([64])
  backbone.neuro_net.0.warp_net.backbone.dec_blocks.1.dw_chain.2.bn.bias - torch.Size([64])
  backbone.neuro_net.0.warp_net.backbone.dec_blocks.1.dw_chain.3.conv.weight - torch.Size([64, 1, 3, 3])
  backbone.neuro_net.0.warp_net.backbone.dec_blocks.1.dw_chain.3.bn.weight - torch.Size([64])
  backbone.neuro_net.0.warp_net.backbone.dec_blocks.1.dw_chain.3.bn.bias - torch.Size([64])
  backbone.neuro_net.0.warp_net.backbone.dec_blocks.1.dw_chain.4.conv.weight - torch.Size([64, 1, 3, 3])
  backbone.neuro_net.0.warp_net.backbone.dec_blocks.1.dw_chain.4.bn.weight - torch.Size([64])
  backbone.neuro_net.0.warp_net.backbone.dec_blocks.1.dw_chain.4.bn.bias - torch.Size([64])
  backbone.neuro_net.0.warp_net.backbone.dec_blocks.1.dw_chain.5.conv.weight - torch.Size([64, 1, 3, 3])
  backbone.neuro_net.0.warp_net.backbone.dec_blocks.1.dw_chain.5.bn.weight - torch.Size([64])
  backbone.neuro_net.0.warp_net.backbone.dec_blocks.1.dw_chain.5.bn.bias - torch.Size([64])
  backbone.neuro_net.0.warp_net.backbone.dec_blocks.1.dw_chain.6.conv.weight - torch.Size([64, 1, 3, 3])
  backbone.neuro_net.0.warp_net.backbone.dec_blocks.1.dw_chain.6.bn.weight - torch.Size([64])
  backbone.neuro_net.0.warp_net.backbone.dec_blocks.1.dw_chain.6.bn.bias - torch.Size([64])
  backbone.neuro_net.0.warp_net.backbone.dec_blocks.1.pw2.conv.weight - torch.Size([1024, 512, 1, 1])
  backbone.neuro_net.0.warp_net.backbone.dec_blocks.1.pw2.bn.weight - torch.Size([1024])
  backbone.neuro_net.0.warp_net.backbone.dec_blocks.1.pw2.bn.bias - torch.Size([1024])
  backbone.neuro_net.0.warp_net.backbone.dec_blocks.2.pw1.conv.weight - torch.Size([64, 1536, 1, 1])
  backbone.neuro_net.0.warp_net.backbone.dec_blocks.2.pw1.bn.weight - torch.Size([64])
  backbone.neuro_net.0.warp_net.backbone.dec_blocks.2.pw1.bn.bias - torch.Size([64])
  backbone.neuro_net.0.warp_net.backbone.dec_blocks.2.dw_chain.0.conv.weight - torch.Size([32, 1, 3, 3])
  backbone.neuro_net.0.warp_net.backbone.dec_blocks.2.dw_chain.0.bn.weight - torch.Size([32])
  backbone.neuro_net.0.warp_net.backbone.dec_blocks.2.dw_chain.0.bn.bias - torch.Size([32])
  backbone.neuro_net.0.warp_net.backbone.dec_blocks.2.dw_chain.1.conv.weight - torch.Size([32, 1, 3, 3])
  backbone.neuro_net.0.warp_net.backbone.dec_blocks.2.dw_chain.1.bn.weight - torch.Size([32])
  backbone.neuro_net.0.warp_net.backbone.dec_blocks.2.dw_chain.1.bn.bias - torch.Size([32])
  backbone.neuro_net.0.warp_net.backbone.dec_blocks.2.dw_chain.2.conv.weight - torch.Size([32, 1, 3, 3])
  backbone.neuro_net.0.warp_net.backbone.dec_blocks.2.dw_chain.2.bn.weight - torch.Size([32])
  backbone.neuro_net.0.warp_net.backbone.dec_blocks.2.dw_chain.2.bn.bias - torch.Size([32])
  backbone.neuro_net.0.warp_net.backbone.dec_blocks.2.dw_chain.3.conv.weight - torch.Size([32, 1, 3, 3])
  backbone.neuro_net.0.warp_net.backbone.dec_blocks.2.dw_chain.3.bn.weight - torch.Size([32])
  backbone.neuro_net.0.warp_net.backbone.dec_blocks.2.dw_chain.3.bn.bias - torch.Size([32])
  backbone.neuro_net.0.warp_net.backbone.dec_blocks.2.dw_chain.4.conv.weight - torch.Size([32, 1, 3, 3])
  backbone.neuro_net.0.warp_net.backbone.dec_blocks.2.dw_chain.4.bn.weight - torch.Size([32])
  backbone.neuro_net.0.warp_net.backbone.dec_blocks.2.dw_chain.4.bn.bias - torch.Size([32])
  backbone.neuro_net.0.warp_net.backbone.dec_blocks.2.dw_chain.5.conv.weight - torch.Size([32, 1, 3, 3])
  backbone.neuro_net.0.warp_net.backbone.dec_blocks.2.dw_chain.5.bn.weight - torch.Size([32])
  backbone.neuro_net.0.warp_net.backbone.dec_blocks.2.dw_chain.5.bn.bias - torch.Size([32])
  backbone.neuro_net.0.warp_net.backbone.dec_blocks.2.dw_chain.6.conv.weight - torch.Size([32, 1, 3, 3])
  backbone.neuro_net.0.warp_net.backbone.dec_blocks.2.dw_chain.6.bn.weight - torch.Size([32])
  backbone.neuro_net.0.warp_net.backbone.dec_blocks.2.dw_chain.6.bn.bias - torch.Size([32])
  backbone.neuro_net.0.warp_net.backbone.dec_blocks.2.pw2.conv.weight - torch.Size([512, 256, 1, 1])
  backbone.neuro_net.0.warp_net.backbone.dec_blocks.2.pw2.bn.weight - torch.Size([512])
  backbone.neuro_net.0.warp_net.backbone.dec_blocks.2.pw2.bn.bias - torch.Size([512])
  backbone.neuro_net.0.warp_net.backbone.dec_blocks.3.pw1.conv.weight - torch.Size([32, 768, 1, 1])
  backbone.neuro_net.0.warp_net.backbone.dec_blocks.3.pw1.bn.weight - torch.Size([32])
  backbone.neuro_net.0.warp_net.backbone.dec_blocks.3.pw1.bn.bias - torch.Size([32])
  backbone.neuro_net.0.warp_net.backbone.dec_blocks.3.dw_chain.0.conv.weight - torch.Size([16, 1, 3, 3])
  backbone.neuro_net.0.warp_net.backbone.dec_blocks.3.dw_chain.0.bn.weight - torch.Size([16])
  backbone.neuro_net.0.warp_net.backbone.dec_blocks.3.dw_chain.0.bn.bias - torch.Size([16])
  backbone.neuro_net.0.warp_net.backbone.dec_blocks.3.dw_chain.1.conv.weight - torch.Size([16, 1, 3, 3])
  backbone.neuro_net.0.warp_net.backbone.dec_blocks.3.dw_chain.1.bn.weight - torch.Size([16])
  backbone.neuro_net.0.warp_net.backbone.dec_blocks.3.dw_chain.1.bn.bias - torch.Size([16])
  backbone.neuro_net.0.warp_net.backbone.dec_blocks.3.dw_chain.2.conv.weight - torch.Size([16, 1, 3, 3])
  backbone.neuro_net.0.warp_net.backbone.dec_blocks.3.dw_chain.2.bn.weight - torch.Size([16])
  backbone.neuro_net.0.warp_net.backbone.dec_blocks.3.dw_chain.2.bn.bias - torch.Size([16])
  backbone.neuro_net.0.warp_net.backbone.dec_blocks.3.dw_chain.3.conv.weight - torch.Size([16, 1, 3, 3])
  backbone.neuro_net.0.warp_net.backbone.dec_blocks.3.dw_chain.3.bn.weight - torch.Size([16])
  backbone.neuro_net.0.warp_net.backbone.dec_blocks.3.dw_chain.3.bn.bias - torch.Size([16])
  backbone.neuro_net.0.warp_net.backbone.dec_blocks.3.dw_chain.4.conv.weight - torch.Size([16, 1, 3, 3])
  backbone.neuro_net.0.warp_net.backbone.dec_blocks.3.dw_chain.4.bn.weight - torch.Size([16])
  backbone.neuro_net.0.warp_net.backbone.dec_blocks.3.dw_chain.4.bn.bias - torch.Size([16])
  backbone.neuro_net.0.warp_net.backbone.dec_blocks.3.dw_chain.5.conv.weight - torch.Size([16, 1, 3, 3])
  backbone.neuro_net.0.warp_net.backbone.dec_blocks.3.dw_chain.5.bn.weight - torch.Size([16])
  backbone.neuro_net.0.warp_net.backbone.dec_blocks.3.dw_chain.5.bn.bias - torch.Size([16])
  backbone.neuro_net.0.warp_net.backbone.dec_blocks.3.dw_chain.6.conv.weight - torch.Size([16, 1, 3, 3])
  backbone.neuro_net.0.warp_net.backbone.dec_blocks.3.dw_chain.6.bn.weight - torch.Size([16])
  backbone.neuro_net.0.warp_net.backbone.dec_blocks.3.dw_chain.6.bn.bias - torch.Size([16])
  backbone.neuro_net.0.warp_net.backbone.dec_blocks.3.pw2.conv.weight - torch.Size([256, 128, 1, 1])
  backbone.neuro_net.0.warp_net.backbone.dec_blocks.3.pw2.bn.weight - torch.Size([256])
  backbone.neuro_net.0.warp_net.backbone.dec_blocks.3.pw2.bn.bias - torch.Size([256])
  backbone.neuro_net.0.warp_net.backbone.head.conv.weight - torch.Size([768, 256, 1, 1])
  backbone.neuro_net.0.warp_net.backbone.head.bn.weight - torch.Size([768])
  backbone.neuro_net.0.warp_net.backbone.head.bn.bias - torch.Size([768])
  backbone.neuro_net.0.warp_net.global_blocks.0.norm1.weight - torch.Size([1536])
  backbone.neuro_net.0.warp_net.global_blocks.0.norm1.bias - torch.Size([1536])
  backbone.neuro_net.0.warp_net.global_blocks.0.attn.qkv.weight - torch.Size([4608, 1536])
  backbone.neuro_net.0.warp_net.global_blocks.0.attn.proj.weight - torch.Size([1536, 1536])
  backbone.neuro_net.0.warp_net.global_blocks.0.attn.proj.bias - torch.Size([1536])
  backbone.neuro_net.0.warp_net.global_blocks.0.norm2.weight - torch.Size([1536])
  backbone.neuro_net.0.warp_net.global_blocks.0.norm2.bias - torch.Size([1536])
  backbone.neuro_net.0.warp_net.global_blocks.0.mlp.0.weight - torch.Size([6144, 1536])
  backbone.neuro_net.0.warp_net.global_blocks.0.mlp.0.bias - torch.Size([6144])
  backbone.neuro_net.0.warp_net.global_blocks.0.mlp.3.weight - torch.Size([1536, 6144])
  backbone.neuro_net.0.warp_net.global_blocks.0.mlp.3.bias - torch.Size([1536])
  backbone.neuro_net.0.warp_net.regressor.2.weight - torch.Size([128, 1536])
  backbone.neuro_net.0.warp_net.regressor.2.bias - torch.Size([128])
  backbone.neuro_net.0.warp_net.regressor.4.weight - torch.Size([5, 128])
  backbone.neuro_net.0.warp_net.regressor.4.bias - torch.Size([5])
  backbone.neuro_net.0._gate.mlp.0.weight - torch.Size([128, 512])
  backbone.neuro_net.0._gate.mlp.0.bias - torch.Size([128])
  backbone.neuro_net.0._gate.mlp.2.weight - torch.Size([64, 128])
  backbone.neuro_net.0._gate.mlp.2.bias - torch.Size([64])
  backbone.neuro_net.0._gate.mlp.4.weight - torch.Size([3, 64])
  backbone.neuro_net.0._gate.mlp.4.bias - torch.Size([3])
  backbone.neuro_net.1.shift_net.rgb_proj.0.weight - torch.Size([768, 768])
  backbone.neuro_net.1.shift_net.rgb_proj.0.bias - torch.Size([768])
  backbone.neuro_net.1.shift_net.rgb_proj.2.weight - torch.Size([768, 768])
  backbone.neuro_net.1.shift_net.rgb_proj.2.bias - torch.Size([768])
  backbone.neuro_net.1.shift_net.tir_proj.0.weight - torch.Size([768, 768])
  backbone.neuro_net.1.shift_net.tir_proj.0.bias - torch.Size([768])
  backbone.neuro_net.1.shift_net.tir_proj.2.weight - torch.Size([768, 768])
  backbone.neuro_net.1.shift_net.tir_proj.2.bias - torch.Size([768])
  backbone.neuro_net.1.shift_net.norm1.weight - torch.Size([768])
  backbone.neuro_net.1.shift_net.norm1.bias - torch.Size([768])
  backbone.neuro_net.1.shift_net.refiner.0.weight - torch.Size([8, 1, 3, 3])
  backbone.neuro_net.1.shift_net.refiner.0.bias - torch.Size([8])
  backbone.neuro_net.1.shift_net.refiner.2.weight - torch.Size([16, 8, 3, 3])
  backbone.neuro_net.1.shift_net.refiner.2.bias - torch.Size([16])
  backbone.neuro_net.1.shift_net.refiner.6.weight - torch.Size([5, 16])
  backbone.neuro_net.1.shift_net.refiner.6.bias - torch.Size([5])
  backbone.neuro_net.1.scale_net.alpha1 - torch.Size([])
  backbone.neuro_net.1.scale_net.alpha2 - torch.Size([])
  backbone.neuro_net.1.scale_net.rgb_proj.weight - torch.Size([768, 768])
  backbone.neuro_net.1.scale_net.tir_proj.weight - torch.Size([768, 768])
  backbone.neuro_net.1.scale_net.band_gate_rgb.mlp.0.weight - torch.Size([1024, 1536])
  backbone.neuro_net.1.scale_net.band_gate_rgb.mlp.0.bias - torch.Size([1024])
  backbone.neuro_net.1.scale_net.band_gate_rgb.mlp.2.weight - torch.Size([2, 1024])
  backbone.neuro_net.1.scale_net.band_gate_rgb.mlp.2.bias - torch.Size([2])
  backbone.neuro_net.1.scale_net.band_gate_tir.mlp.0.weight - torch.Size([1024, 1536])
  backbone.neuro_net.1.scale_net.band_gate_tir.mlp.0.bias - torch.Size([1024])
  backbone.neuro_net.1.scale_net.band_gate_tir.mlp.2.weight - torch.Size([2, 1024])
  backbone.neuro_net.1.scale_net.band_gate_tir.mlp.2.bias - torch.Size([2])
  backbone.neuro_net.1.scale_net.norm1.weight - torch.Size([768])
  backbone.neuro_net.1.scale_net.norm1.bias - torch.Size([768])
  backbone.neuro_net.1.scale_net.conv_head.blocks.0.0.weight - torch.Size([64, 1, 3, 3])
  backbone.neuro_net.1.scale_net.conv_head.blocks.0.0.bias - torch.Size([64])
  backbone.neuro_net.1.scale_net.conv_head.blocks.0.2.weight - torch.Size([64, 64, 3, 3])
  backbone.neuro_net.1.scale_net.conv_head.blocks.0.2.bias - torch.Size([64])
  backbone.neuro_net.1.scale_net.conv_head.blocks.1.0.weight - torch.Size([64, 1, 3, 3])
  backbone.neuro_net.1.scale_net.conv_head.blocks.1.0.bias - torch.Size([64])
  backbone.neuro_net.1.scale_net.conv_head.blocks.1.2.weight - torch.Size([64, 64, 3, 3])
  backbone.neuro_net.1.scale_net.conv_head.blocks.1.2.bias - torch.Size([64])
  backbone.neuro_net.1.scale_net.conv_head.blocks.2.0.weight - torch.Size([64, 1, 3, 3])
  backbone.neuro_net.1.scale_net.conv_head.blocks.2.0.bias - torch.Size([64])
  backbone.neuro_net.1.scale_net.conv_head.blocks.2.2.weight - torch.Size([64, 64, 3, 3])
  backbone.neuro_net.1.scale_net.conv_head.blocks.2.2.bias - torch.Size([64])
  backbone.neuro_net.1.scale_net.conv_head.fuse.0.weight - torch.Size([64, 192, 1, 1])
  backbone.neuro_net.1.scale_net.conv_head.fuse.0.bias - torch.Size([64])
  backbone.neuro_net.1.scale_net.conv_head.head.weight - torch.Size([5, 64])
  backbone.neuro_net.1.scale_net.conv_head.head.bias - torch.Size([5])
  backbone.neuro_net.1.warp_net.backbone.enc_blocks.0.pw1.conv.weight - torch.Size([32, 768, 1, 1])
  backbone.neuro_net.1.warp_net.backbone.enc_blocks.0.pw1.bn.weight - torch.Size([32])
  backbone.neuro_net.1.warp_net.backbone.enc_blocks.0.pw1.bn.bias - torch.Size([32])
  backbone.neuro_net.1.warp_net.backbone.enc_blocks.0.dw_chain.0.conv.weight - torch.Size([16, 1, 3, 3])
  backbone.neuro_net.1.warp_net.backbone.enc_blocks.0.dw_chain.0.bn.weight - torch.Size([16])
  backbone.neuro_net.1.warp_net.backbone.enc_blocks.0.dw_chain.0.bn.bias - torch.Size([16])
  backbone.neuro_net.1.warp_net.backbone.enc_blocks.0.dw_chain.1.conv.weight - torch.Size([16, 1, 3, 3])
  backbone.neuro_net.1.warp_net.backbone.enc_blocks.0.dw_chain.1.bn.weight - torch.Size([16])
  backbone.neuro_net.1.warp_net.backbone.enc_blocks.0.dw_chain.1.bn.bias - torch.Size([16])
  backbone.neuro_net.1.warp_net.backbone.enc_blocks.0.dw_chain.2.conv.weight - torch.Size([16, 1, 3, 3])
  backbone.neuro_net.1.warp_net.backbone.enc_blocks.0.dw_chain.2.bn.weight - torch.Size([16])
  backbone.neuro_net.1.warp_net.backbone.enc_blocks.0.dw_chain.2.bn.bias - torch.Size([16])
  backbone.neuro_net.1.warp_net.backbone.enc_blocks.0.dw_chain.3.conv.weight - torch.Size([16, 1, 3, 3])
  backbone.neuro_net.1.warp_net.backbone.enc_blocks.0.dw_chain.3.bn.weight - torch.Size([16])
  backbone.neuro_net.1.warp_net.backbone.enc_blocks.0.dw_chain.3.bn.bias - torch.Size([16])
  backbone.neuro_net.1.warp_net.backbone.enc_blocks.0.dw_chain.4.conv.weight - torch.Size([16, 1, 3, 3])
  backbone.neuro_net.1.warp_net.backbone.enc_blocks.0.dw_chain.4.bn.weight - torch.Size([16])
  backbone.neuro_net.1.warp_net.backbone.enc_blocks.0.dw_chain.4.bn.bias - torch.Size([16])
  backbone.neuro_net.1.warp_net.backbone.enc_blocks.0.dw_chain.5.conv.weight - torch.Size([16, 1, 3, 3])
  backbone.neuro_net.1.warp_net.backbone.enc_blocks.0.dw_chain.5.bn.weight - torch.Size([16])
  backbone.neuro_net.1.warp_net.backbone.enc_blocks.0.dw_chain.5.bn.bias - torch.Size([16])
  backbone.neuro_net.1.warp_net.backbone.enc_blocks.0.dw_chain.6.conv.weight - torch.Size([16, 1, 3, 3])
  backbone.neuro_net.1.warp_net.backbone.enc_blocks.0.dw_chain.6.bn.weight - torch.Size([16])
  backbone.neuro_net.1.warp_net.backbone.enc_blocks.0.dw_chain.6.bn.bias - torch.Size([16])
  backbone.neuro_net.1.warp_net.backbone.enc_blocks.0.pw2.conv.weight - torch.Size([256, 128, 1, 1])
  backbone.neuro_net.1.warp_net.backbone.enc_blocks.0.pw2.bn.weight - torch.Size([256])
  backbone.neuro_net.1.warp_net.backbone.enc_blocks.0.pw2.bn.bias - torch.Size([256])
  backbone.neuro_net.1.warp_net.backbone.enc_blocks.1.pw1.conv.weight - torch.Size([64, 256, 1, 1])
  backbone.neuro_net.1.warp_net.backbone.enc_blocks.1.pw1.bn.weight - torch.Size([64])
  backbone.neuro_net.1.warp_net.backbone.enc_blocks.1.pw1.bn.bias - torch.Size([64])
  backbone.neuro_net.1.warp_net.backbone.enc_blocks.1.dw_chain.0.conv.weight - torch.Size([32, 1, 3, 3])
  backbone.neuro_net.1.warp_net.backbone.enc_blocks.1.dw_chain.0.bn.weight - torch.Size([32])
  backbone.neuro_net.1.warp_net.backbone.enc_blocks.1.dw_chain.0.bn.bias - torch.Size([32])
  backbone.neuro_net.1.warp_net.backbone.enc_blocks.1.dw_chain.1.conv.weight - torch.Size([32, 1, 3, 3])
  backbone.neuro_net.1.warp_net.backbone.enc_blocks.1.dw_chain.1.bn.weight - torch.Size([32])
  backbone.neuro_net.1.warp_net.backbone.enc_blocks.1.dw_chain.1.bn.bias - torch.Size([32])
  backbone.neuro_net.1.warp_net.backbone.enc_blocks.1.dw_chain.2.conv.weight - torch.Size([32, 1, 3, 3])
  backbone.neuro_net.1.warp_net.backbone.enc_blocks.1.dw_chain.2.bn.weight - torch.Size([32])
  backbone.neuro_net.1.warp_net.backbone.enc_blocks.1.dw_chain.2.bn.bias - torch.Size([32])
  backbone.neuro_net.1.warp_net.backbone.enc_blocks.1.dw_chain.3.conv.weight - torch.Size([32, 1, 3, 3])
  backbone.neuro_net.1.warp_net.backbone.enc_blocks.1.dw_chain.3.bn.weight - torch.Size([32])
  backbone.neuro_net.1.warp_net.backbone.enc_blocks.1.dw_chain.3.bn.bias - torch.Size([32])
  backbone.neuro_net.1.warp_net.backbone.enc_blocks.1.dw_chain.4.conv.weight - torch.Size([32, 1, 3, 3])
  backbone.neuro_net.1.warp_net.backbone.enc_blocks.1.dw_chain.4.bn.weight - torch.Size([32])
  backbone.neuro_net.1.warp_net.backbone.enc_blocks.1.dw_chain.4.bn.bias - torch.Size([32])
  backbone.neuro_net.1.warp_net.backbone.enc_blocks.1.dw_chain.5.conv.weight - torch.Size([32, 1, 3, 3])
  backbone.neuro_net.1.warp_net.backbone.enc_blocks.1.dw_chain.5.bn.weight - torch.Size([32])
  backbone.neuro_net.1.warp_net.backbone.enc_blocks.1.dw_chain.5.bn.bias - torch.Size([32])
  backbone.neuro_net.1.warp_net.backbone.enc_blocks.1.dw_chain.6.conv.weight - torch.Size([32, 1, 3, 3])
  backbone.neuro_net.1.warp_net.backbone.enc_blocks.1.dw_chain.6.bn.weight - torch.Size([32])
  backbone.neuro_net.1.warp_net.backbone.enc_blocks.1.dw_chain.6.bn.bias - torch.Size([32])
  backbone.neuro_net.1.warp_net.backbone.enc_blocks.1.pw2.conv.weight - torch.Size([512, 256, 1, 1])
  backbone.neuro_net.1.warp_net.backbone.enc_blocks.1.pw2.bn.weight - torch.Size([512])
  backbone.neuro_net.1.warp_net.backbone.enc_blocks.1.pw2.bn.bias - torch.Size([512])
  backbone.neuro_net.1.warp_net.backbone.enc_blocks.2.pw1.conv.weight - torch.Size([128, 512, 1, 1])
  backbone.neuro_net.1.warp_net.backbone.enc_blocks.2.pw1.bn.weight - torch.Size([128])
  backbone.neuro_net.1.warp_net.backbone.enc_blocks.2.pw1.bn.bias - torch.Size([128])
  backbone.neuro_net.1.warp_net.backbone.enc_blocks.2.dw_chain.0.conv.weight - torch.Size([64, 1, 3, 3])
  backbone.neuro_net.1.warp_net.backbone.enc_blocks.2.dw_chain.0.bn.weight - torch.Size([64])
  backbone.neuro_net.1.warp_net.backbone.enc_blocks.2.dw_chain.0.bn.bias - torch.Size([64])
  backbone.neuro_net.1.warp_net.backbone.enc_blocks.2.dw_chain.1.conv.weight - torch.Size([64, 1, 3, 3])
  backbone.neuro_net.1.warp_net.backbone.enc_blocks.2.dw_chain.1.bn.weight - torch.Size([64])
  backbone.neuro_net.1.warp_net.backbone.enc_blocks.2.dw_chain.1.bn.bias - torch.Size([64])
  backbone.neuro_net.1.warp_net.backbone.enc_blocks.2.dw_chain.2.conv.weight - torch.Size([64, 1, 3, 3])
  backbone.neuro_net.1.warp_net.backbone.enc_blocks.2.dw_chain.2.bn.weight - torch.Size([64])
  backbone.neuro_net.1.warp_net.backbone.enc_blocks.2.dw_chain.2.bn.bias - torch.Size([64])
  backbone.neuro_net.1.warp_net.backbone.enc_blocks.2.dw_chain.3.conv.weight - torch.Size([64, 1, 3, 3])
  backbone.neuro_net.1.warp_net.backbone.enc_blocks.2.dw_chain.3.bn.weight - torch.Size([64])
  backbone.neuro_net.1.warp_net.backbone.enc_blocks.2.dw_chain.3.bn.bias - torch.Size([64])
  backbone.neuro_net.1.warp_net.backbone.enc_blocks.2.dw_chain.4.conv.weight - torch.Size([64, 1, 3, 3])
  backbone.neuro_net.1.warp_net.backbone.enc_blocks.2.dw_chain.4.bn.weight - torch.Size([64])
  backbone.neuro_net.1.warp_net.backbone.enc_blocks.2.dw_chain.4.bn.bias - torch.Size([64])
  backbone.neuro_net.1.warp_net.backbone.enc_blocks.2.dw_chain.5.conv.weight - torch.Size([64, 1, 3, 3])
  backbone.neuro_net.1.warp_net.backbone.enc_blocks.2.dw_chain.5.bn.weight - torch.Size([64])
  backbone.neuro_net.1.warp_net.backbone.enc_blocks.2.dw_chain.5.bn.bias - torch.Size([64])
  backbone.neuro_net.1.warp_net.backbone.enc_blocks.2.dw_chain.6.conv.weight - torch.Size([64, 1, 3, 3])
  backbone.neuro_net.1.warp_net.backbone.enc_blocks.2.dw_chain.6.bn.weight - torch.Size([64])
  backbone.neuro_net.1.warp_net.backbone.enc_blocks.2.dw_chain.6.bn.bias - torch.Size([64])
  backbone.neuro_net.1.warp_net.backbone.enc_blocks.2.pw2.conv.weight - torch.Size([1024, 512, 1, 1])
  backbone.neuro_net.1.warp_net.backbone.enc_blocks.2.pw2.bn.weight - torch.Size([1024])
  backbone.neuro_net.1.warp_net.backbone.enc_blocks.2.pw2.bn.bias - torch.Size([1024])
  backbone.neuro_net.1.warp_net.backbone.enc_blocks.3.pw1.conv.weight - torch.Size([256, 1024, 1, 1])
  backbone.neuro_net.1.warp_net.backbone.enc_blocks.3.pw1.bn.weight - torch.Size([256])
  backbone.neuro_net.1.warp_net.backbone.enc_blocks.3.pw1.bn.bias - torch.Size([256])
  backbone.neuro_net.1.warp_net.backbone.enc_blocks.3.dw_chain.0.conv.weight - torch.Size([128, 1, 3, 3])
  backbone.neuro_net.1.warp_net.backbone.enc_blocks.3.dw_chain.0.bn.weight - torch.Size([128])
  backbone.neuro_net.1.warp_net.backbone.enc_blocks.3.dw_chain.0.bn.bias - torch.Size([128])
  backbone.neuro_net.1.warp_net.backbone.enc_blocks.3.dw_chain.1.conv.weight - torch.Size([128, 1, 3, 3])
  backbone.neuro_net.1.warp_net.backbone.enc_blocks.3.dw_chain.1.bn.weight - torch.Size([128])
  backbone.neuro_net.1.warp_net.backbone.enc_blocks.3.dw_chain.1.bn.bias - torch.Size([128])
  backbone.neuro_net.1.warp_net.backbone.enc_blocks.3.dw_chain.2.conv.weight - torch.Size([128, 1, 3, 3])
  backbone.neuro_net.1.warp_net.backbone.enc_blocks.3.dw_chain.2.bn.weight - torch.Size([128])
  backbone.neuro_net.1.warp_net.backbone.enc_blocks.3.dw_chain.2.bn.bias - torch.Size([128])
  backbone.neuro_net.1.warp_net.backbone.enc_blocks.3.dw_chain.3.conv.weight - torch.Size([128, 1, 3, 3])
  backbone.neuro_net.1.warp_net.backbone.enc_blocks.3.dw_chain.3.bn.weight - torch.Size([128])
  backbone.neuro_net.1.warp_net.backbone.enc_blocks.3.dw_chain.3.bn.bias - torch.Size([128])
  backbone.neuro_net.1.warp_net.backbone.enc_blocks.3.dw_chain.4.conv.weight - torch.Size([128, 1, 3, 3])
  backbone.neuro_net.1.warp_net.backbone.enc_blocks.3.dw_chain.4.bn.weight - torch.Size([128])
  backbone.neuro_net.1.warp_net.backbone.enc_blocks.3.dw_chain.4.bn.bias - torch.Size([128])
  backbone.neuro_net.1.warp_net.backbone.enc_blocks.3.dw_chain.5.conv.weight - torch.Size([128, 1, 3, 3])
  backbone.neuro_net.1.warp_net.backbone.enc_blocks.3.dw_chain.5.bn.weight - torch.Size([128])
  backbone.neuro_net.1.warp_net.backbone.enc_blocks.3.dw_chain.5.bn.bias - torch.Size([128])
  backbone.neuro_net.1.warp_net.backbone.enc_blocks.3.dw_chain.6.conv.weight - torch.Size([128, 1, 3, 3])
  backbone.neuro_net.1.warp_net.backbone.enc_blocks.3.dw_chain.6.bn.weight - torch.Size([128])
  backbone.neuro_net.1.warp_net.backbone.enc_blocks.3.dw_chain.6.bn.bias - torch.Size([128])
  backbone.neuro_net.1.warp_net.backbone.enc_blocks.3.pw2.conv.weight - torch.Size([2048, 1024, 1, 1])
  backbone.neuro_net.1.warp_net.backbone.enc_blocks.3.pw2.bn.weight - torch.Size([2048])
  backbone.neuro_net.1.warp_net.backbone.enc_blocks.3.pw2.bn.bias - torch.Size([2048])
  backbone.neuro_net.1.warp_net.backbone.bottleneck.pw1.conv.weight - torch.Size([256, 2048, 1, 1])
  backbone.neuro_net.1.warp_net.backbone.bottleneck.pw1.bn.weight - torch.Size([256])
  backbone.neuro_net.1.warp_net.backbone.bottleneck.pw1.bn.bias - torch.Size([256])
  backbone.neuro_net.1.warp_net.backbone.bottleneck.dw_chain.0.conv.weight - torch.Size([128, 1, 3, 3])
  backbone.neuro_net.1.warp_net.backbone.bottleneck.dw_chain.0.bn.weight - torch.Size([128])
  backbone.neuro_net.1.warp_net.backbone.bottleneck.dw_chain.0.bn.bias - torch.Size([128])
  backbone.neuro_net.1.warp_net.backbone.bottleneck.dw_chain.1.conv.weight - torch.Size([128, 1, 3, 3])
  backbone.neuro_net.1.warp_net.backbone.bottleneck.dw_chain.1.bn.weight - torch.Size([128])
  backbone.neuro_net.1.warp_net.backbone.bottleneck.dw_chain.1.bn.bias - torch.Size([128])
  backbone.neuro_net.1.warp_net.backbone.bottleneck.dw_chain.2.conv.weight - torch.Size([128, 1, 3, 3])
  backbone.neuro_net.1.warp_net.backbone.bottleneck.dw_chain.2.bn.weight - torch.Size([128])
  backbone.neuro_net.1.warp_net.backbone.bottleneck.dw_chain.2.bn.bias - torch.Size([128])
  backbone.neuro_net.1.warp_net.backbone.bottleneck.dw_chain.3.conv.weight - torch.Size([128, 1, 3, 3])
  backbone.neuro_net.1.warp_net.backbone.bottleneck.dw_chain.3.bn.weight - torch.Size([128])
  backbone.neuro_net.1.warp_net.backbone.bottleneck.dw_chain.3.bn.bias - torch.Size([128])
  backbone.neuro_net.1.warp_net.backbone.bottleneck.dw_chain.4.conv.weight - torch.Size([128, 1, 3, 3])
  backbone.neuro_net.1.warp_net.backbone.bottleneck.dw_chain.4.bn.weight - torch.Size([128])
  backbone.neuro_net.1.warp_net.backbone.bottleneck.dw_chain.4.bn.bias - torch.Size([128])
  backbone.neuro_net.1.warp_net.backbone.bottleneck.dw_chain.5.conv.weight - torch.Size([128, 1, 3, 3])
  backbone.neuro_net.1.warp_net.backbone.bottleneck.dw_chain.5.bn.weight - torch.Size([128])
  backbone.neuro_net.1.warp_net.backbone.bottleneck.dw_chain.5.bn.bias - torch.Size([128])
  backbone.neuro_net.1.warp_net.backbone.bottleneck.dw_chain.6.conv.weight - torch.Size([128, 1, 3, 3])
  backbone.neuro_net.1.warp_net.backbone.bottleneck.dw_chain.6.bn.weight - torch.Size([128])
  backbone.neuro_net.1.warp_net.backbone.bottleneck.dw_chain.6.bn.bias - torch.Size([128])
  backbone.neuro_net.1.warp_net.backbone.bottleneck.pw2.conv.weight - torch.Size([2048, 1024, 1, 1])
  backbone.neuro_net.1.warp_net.backbone.bottleneck.pw2.bn.weight - torch.Size([2048])
  backbone.neuro_net.1.warp_net.backbone.bottleneck.pw2.bn.bias - torch.Size([2048])
  backbone.neuro_net.1.warp_net.backbone.dec_blocks.0.pw1.conv.weight - torch.Size([256, 4096, 1, 1])
  backbone.neuro_net.1.warp_net.backbone.dec_blocks.0.pw1.bn.weight - torch.Size([256])
  backbone.neuro_net.1.warp_net.backbone.dec_blocks.0.pw1.bn.bias - torch.Size([256])
  backbone.neuro_net.1.warp_net.backbone.dec_blocks.0.dw_chain.0.conv.weight - torch.Size([128, 1, 3, 3])
  backbone.neuro_net.1.warp_net.backbone.dec_blocks.0.dw_chain.0.bn.weight - torch.Size([128])
  backbone.neuro_net.1.warp_net.backbone.dec_blocks.0.dw_chain.0.bn.bias - torch.Size([128])
  backbone.neuro_net.1.warp_net.backbone.dec_blocks.0.dw_chain.1.conv.weight - torch.Size([128, 1, 3, 3])
  backbone.neuro_net.1.warp_net.backbone.dec_blocks.0.dw_chain.1.bn.weight - torch.Size([128])
  backbone.neuro_net.1.warp_net.backbone.dec_blocks.0.dw_chain.1.bn.bias - torch.Size([128])
  backbone.neuro_net.1.warp_net.backbone.dec_blocks.0.dw_chain.2.conv.weight - torch.Size([128, 1, 3, 3])
  backbone.neuro_net.1.warp_net.backbone.dec_blocks.0.dw_chain.2.bn.weight - torch.Size([128])
  backbone.neuro_net.1.warp_net.backbone.dec_blocks.0.dw_chain.2.bn.bias - torch.Size([128])
  backbone.neuro_net.1.warp_net.backbone.dec_blocks.0.dw_chain.3.conv.weight - torch.Size([128, 1, 3, 3])
  backbone.neuro_net.1.warp_net.backbone.dec_blocks.0.dw_chain.3.bn.weight - torch.Size([128])
  backbone.neuro_net.1.warp_net.backbone.dec_blocks.0.dw_chain.3.bn.bias - torch.Size([128])
  backbone.neuro_net.1.warp_net.backbone.dec_blocks.0.dw_chain.4.conv.weight - torch.Size([128, 1, 3, 3])
  backbone.neuro_net.1.warp_net.backbone.dec_blocks.0.dw_chain.4.bn.weight - torch.Size([128])
  backbone.neuro_net.1.warp_net.backbone.dec_blocks.0.dw_chain.4.bn.bias - torch.Size([128])
  backbone.neuro_net.1.warp_net.backbone.dec_blocks.0.dw_chain.5.conv.weight - torch.Size([128, 1, 3, 3])
  backbone.neuro_net.1.warp_net.backbone.dec_blocks.0.dw_chain.5.bn.weight - torch.Size([128])
  backbone.neuro_net.1.warp_net.backbone.dec_blocks.0.dw_chain.5.bn.bias - torch.Size([128])
  backbone.neuro_net.1.warp_net.backbone.dec_blocks.0.dw_chain.6.conv.weight - torch.Size([128, 1, 3, 3])
  backbone.neuro_net.1.warp_net.backbone.dec_blocks.0.dw_chain.6.bn.weight - torch.Size([128])
  backbone.neuro_net.1.warp_net.backbone.dec_blocks.0.dw_chain.6.bn.bias - torch.Size([128])
  backbone.neuro_net.1.warp_net.backbone.dec_blocks.0.pw2.conv.weight - torch.Size([2048, 1024, 1, 1])
  backbone.neuro_net.1.warp_net.backbone.dec_blocks.0.pw2.bn.weight - torch.Size([2048])
  backbone.neuro_net.1.warp_net.backbone.dec_blocks.0.pw2.bn.bias - torch.Size([2048])
  backbone.neuro_net.1.warp_net.backbone.dec_blocks.1.pw1.conv.weight - torch.Size([128, 3072, 1, 1])
  backbone.neuro_net.1.warp_net.backbone.dec_blocks.1.pw1.bn.weight - torch.Size([128])
  backbone.neuro_net.1.warp_net.backbone.dec_blocks.1.pw1.bn.bias - torch.Size([128])
  backbone.neuro_net.1.warp_net.backbone.dec_blocks.1.dw_chain.0.conv.weight - torch.Size([64, 1, 3, 3])
  backbone.neuro_net.1.warp_net.backbone.dec_blocks.1.dw_chain.0.bn.weight - torch.Size([64])
  backbone.neuro_net.1.warp_net.backbone.dec_blocks.1.dw_chain.0.bn.bias - torch.Size([64])
  backbone.neuro_net.1.warp_net.backbone.dec_blocks.1.dw_chain.1.conv.weight - torch.Size([64, 1, 3, 3])
  backbone.neuro_net.1.warp_net.backbone.dec_blocks.1.dw_chain.1.bn.weight - torch.Size([64])
  backbone.neuro_net.1.warp_net.backbone.dec_blocks.1.dw_chain.1.bn.bias - torch.Size([64])
  backbone.neuro_net.1.warp_net.backbone.dec_blocks.1.dw_chain.2.conv.weight - torch.Size([64, 1, 3, 3])
  backbone.neuro_net.1.warp_net.backbone.dec_blocks.1.dw_chain.2.bn.weight - torch.Size([64])
  backbone.neuro_net.1.warp_net.backbone.dec_blocks.1.dw_chain.2.bn.bias - torch.Size([64])
  backbone.neuro_net.1.warp_net.backbone.dec_blocks.1.dw_chain.3.conv.weight - torch.Size([64, 1, 3, 3])
  backbone.neuro_net.1.warp_net.backbone.dec_blocks.1.dw_chain.3.bn.weight - torch.Size([64])
  backbone.neuro_net.1.warp_net.backbone.dec_blocks.1.dw_chain.3.bn.bias - torch.Size([64])
  backbone.neuro_net.1.warp_net.backbone.dec_blocks.1.dw_chain.4.conv.weight - torch.Size([64, 1, 3, 3])
  backbone.neuro_net.1.warp_net.backbone.dec_blocks.1.dw_chain.4.bn.weight - torch.Size([64])
  backbone.neuro_net.1.warp_net.backbone.dec_blocks.1.dw_chain.4.bn.bias - torch.Size([64])
  backbone.neuro_net.1.warp_net.backbone.dec_blocks.1.dw_chain.5.conv.weight - torch.Size([64, 1, 3, 3])
  backbone.neuro_net.1.warp_net.backbone.dec_blocks.1.dw_chain.5.bn.weight - torch.Size([64])
  backbone.neuro_net.1.warp_net.backbone.dec_blocks.1.dw_chain.5.bn.bias - torch.Size([64])
  backbone.neuro_net.1.warp_net.backbone.dec_blocks.1.dw_chain.6.conv.weight - torch.Size([64, 1, 3, 3])
  backbone.neuro_net.1.warp_net.backbone.dec_blocks.1.dw_chain.6.bn.weight - torch.Size([64])
  backbone.neuro_net.1.warp_net.backbone.dec_blocks.1.dw_chain.6.bn.bias - torch.Size([64])
  backbone.neuro_net.1.warp_net.backbone.dec_blocks.1.pw2.conv.weight - torch.Size([1024, 512, 1, 1])
  backbone.neuro_net.1.warp_net.backbone.dec_blocks.1.pw2.bn.weight - torch.Size([1024])
  backbone.neuro_net.1.warp_net.backbone.dec_blocks.1.pw2.bn.bias - torch.Size([1024])
  backbone.neuro_net.1.warp_net.backbone.dec_blocks.2.pw1.conv.weight - torch.Size([64, 1536, 1, 1])
  backbone.neuro_net.1.warp_net.backbone.dec_blocks.2.pw1.bn.weight - torch.Size([64])
  backbone.neuro_net.1.warp_net.backbone.dec_blocks.2.pw1.bn.bias - torch.Size([64])
  backbone.neuro_net.1.warp_net.backbone.dec_blocks.2.dw_chain.0.conv.weight - torch.Size([32, 1, 3, 3])
  backbone.neuro_net.1.warp_net.backbone.dec_blocks.2.dw_chain.0.bn.weight - torch.Size([32])
  backbone.neuro_net.1.warp_net.backbone.dec_blocks.2.dw_chain.0.bn.bias - torch.Size([32])
  backbone.neuro_net.1.warp_net.backbone.dec_blocks.2.dw_chain.1.conv.weight - torch.Size([32, 1, 3, 3])
  backbone.neuro_net.1.warp_net.backbone.dec_blocks.2.dw_chain.1.bn.weight - torch.Size([32])
  backbone.neuro_net.1.warp_net.backbone.dec_blocks.2.dw_chain.1.bn.bias - torch.Size([32])
  backbone.neuro_net.1.warp_net.backbone.dec_blocks.2.dw_chain.2.conv.weight - torch.Size([32, 1, 3, 3])
  backbone.neuro_net.1.warp_net.backbone.dec_blocks.2.dw_chain.2.bn.weight - torch.Size([32])
  backbone.neuro_net.1.warp_net.backbone.dec_blocks.2.dw_chain.2.bn.bias - torch.Size([32])
  backbone.neuro_net.1.warp_net.backbone.dec_blocks.2.dw_chain.3.conv.weight - torch.Size([32, 1, 3, 3])
  backbone.neuro_net.1.warp_net.backbone.dec_blocks.2.dw_chain.3.bn.weight - torch.Size([32])
  backbone.neuro_net.1.warp_net.backbone.dec_blocks.2.dw_chain.3.bn.bias - torch.Size([32])
  backbone.neuro_net.1.warp_net.backbone.dec_blocks.2.dw_chain.4.conv.weight - torch.Size([32, 1, 3, 3])
  backbone.neuro_net.1.warp_net.backbone.dec_blocks.2.dw_chain.4.bn.weight - torch.Size([32])
  backbone.neuro_net.1.warp_net.backbone.dec_blocks.2.dw_chain.4.bn.bias - torch.Size([32])
  backbone.neuro_net.1.warp_net.backbone.dec_blocks.2.dw_chain.5.conv.weight - torch.Size([32, 1, 3, 3])
  backbone.neuro_net.1.warp_net.backbone.dec_blocks.2.dw_chain.5.bn.weight - torch.Size([32])
  backbone.neuro_net.1.warp_net.backbone.dec_blocks.2.dw_chain.5.bn.bias - torch.Size([32])
  backbone.neuro_net.1.warp_net.backbone.dec_blocks.2.dw_chain.6.conv.weight - torch.Size([32, 1, 3, 3])
  backbone.neuro_net.1.warp_net.backbone.dec_blocks.2.dw_chain.6.bn.weight - torch.Size([32])
  backbone.neuro_net.1.warp_net.backbone.dec_blocks.2.dw_chain.6.bn.bias - torch.Size([32])
  backbone.neuro_net.1.warp_net.backbone.dec_blocks.2.pw2.conv.weight - torch.Size([512, 256, 1, 1])
  backbone.neuro_net.1.warp_net.backbone.dec_blocks.2.pw2.bn.weight - torch.Size([512])
  backbone.neuro_net.1.warp_net.backbone.dec_blocks.2.pw2.bn.bias - torch.Size([512])
  backbone.neuro_net.1.warp_net.backbone.dec_blocks.3.pw1.conv.weight - torch.Size([32, 768, 1, 1])
  backbone.neuro_net.1.warp_net.backbone.dec_blocks.3.pw1.bn.weight - torch.Size([32])
  backbone.neuro_net.1.warp_net.backbone.dec_blocks.3.pw1.bn.bias - torch.Size([32])
  backbone.neuro_net.1.warp_net.backbone.dec_blocks.3.dw_chain.0.conv.weight - torch.Size([16, 1, 3, 3])
  backbone.neuro_net.1.warp_net.backbone.dec_blocks.3.dw_chain.0.bn.weight - torch.Size([16])
  backbone.neuro_net.1.warp_net.backbone.dec_blocks.3.dw_chain.0.bn.bias - torch.Size([16])
  backbone.neuro_net.1.warp_net.backbone.dec_blocks.3.dw_chain.1.conv.weight - torch.Size([16, 1, 3, 3])
  backbone.neuro_net.1.warp_net.backbone.dec_blocks.3.dw_chain.1.bn.weight - torch.Size([16])
  backbone.neuro_net.1.warp_net.backbone.dec_blocks.3.dw_chain.1.bn.bias - torch.Size([16])
  backbone.neuro_net.1.warp_net.backbone.dec_blocks.3.dw_chain.2.conv.weight - torch.Size([16, 1, 3, 3])
  backbone.neuro_net.1.warp_net.backbone.dec_blocks.3.dw_chain.2.bn.weight - torch.Size([16])
  backbone.neuro_net.1.warp_net.backbone.dec_blocks.3.dw_chain.2.bn.bias - torch.Size([16])
  backbone.neuro_net.1.warp_net.backbone.dec_blocks.3.dw_chain.3.conv.weight - torch.Size([16, 1, 3, 3])
  backbone.neuro_net.1.warp_net.backbone.dec_blocks.3.dw_chain.3.bn.weight - torch.Size([16])
  backbone.neuro_net.1.warp_net.backbone.dec_blocks.3.dw_chain.3.bn.bias - torch.Size([16])
  backbone.neuro_net.1.warp_net.backbone.dec_blocks.3.dw_chain.4.conv.weight - torch.Size([16, 1, 3, 3])
  backbone.neuro_net.1.warp_net.backbone.dec_blocks.3.dw_chain.4.bn.weight - torch.Size([16])
  backbone.neuro_net.1.warp_net.backbone.dec_blocks.3.dw_chain.4.bn.bias - torch.Size([16])
  backbone.neuro_net.1.warp_net.backbone.dec_blocks.3.dw_chain.5.conv.weight - torch.Size([16, 1, 3, 3])
  backbone.neuro_net.1.warp_net.backbone.dec_blocks.3.dw_chain.5.bn.weight - torch.Size([16])
  backbone.neuro_net.1.warp_net.backbone.dec_blocks.3.dw_chain.5.bn.bias - torch.Size([16])
  backbone.neuro_net.1.warp_net.backbone.dec_blocks.3.dw_chain.6.conv.weight - torch.Size([16, 1, 3, 3])
  backbone.neuro_net.1.warp_net.backbone.dec_blocks.3.dw_chain.6.bn.weight - torch.Size([16])
  backbone.neuro_net.1.warp_net.backbone.dec_blocks.3.dw_chain.6.bn.bias - torch.Size([16])
  backbone.neuro_net.1.warp_net.backbone.dec_blocks.3.pw2.conv.weight - torch.Size([256, 128, 1, 1])
  backbone.neuro_net.1.warp_net.backbone.dec_blocks.3.pw2.bn.weight - torch.Size([256])
  backbone.neuro_net.1.warp_net.backbone.dec_blocks.3.pw2.bn.bias - torch.Size([256])
  backbone.neuro_net.1.warp_net.backbone.head.conv.weight - torch.Size([768, 256, 1, 1])
  backbone.neuro_net.1.warp_net.backbone.head.bn.weight - torch.Size([768])
  backbone.neuro_net.1.warp_net.backbone.head.bn.bias - torch.Size([768])
  backbone.neuro_net.1.warp_net.global_blocks.0.norm1.weight - torch.Size([1536])
  backbone.neuro_net.1.warp_net.global_blocks.0.norm1.bias - torch.Size([1536])
  backbone.neuro_net.1.warp_net.global_blocks.0.attn.qkv.weight - torch.Size([4608, 1536])
  backbone.neuro_net.1.warp_net.global_blocks.0.attn.proj.weight - torch.Size([1536, 1536])
  backbone.neuro_net.1.warp_net.global_blocks.0.attn.proj.bias - torch.Size([1536])
  backbone.neuro_net.1.warp_net.global_blocks.0.norm2.weight - torch.Size([1536])
  backbone.neuro_net.1.warp_net.global_blocks.0.norm2.bias - torch.Size([1536])
  backbone.neuro_net.1.warp_net.global_blocks.0.mlp.0.weight - torch.Size([6144, 1536])
  backbone.neuro_net.1.warp_net.global_blocks.0.mlp.0.bias - torch.Size([6144])
  backbone.neuro_net.1.warp_net.global_blocks.0.mlp.3.weight - torch.Size([1536, 6144])
  backbone.neuro_net.1.warp_net.global_blocks.0.mlp.3.bias - torch.Size([1536])
  backbone.neuro_net.1.warp_net.regressor.2.weight - torch.Size([128, 1536])
  backbone.neuro_net.1.warp_net.regressor.2.bias - torch.Size([128])
  backbone.neuro_net.1.warp_net.regressor.4.weight - torch.Size([5, 128])
  backbone.neuro_net.1.warp_net.regressor.4.bias - torch.Size([5])
  backbone.neuro_net.1._gate.mlp.0.weight - torch.Size([128, 512])
  backbone.neuro_net.1._gate.mlp.0.bias - torch.Size([128])
  backbone.neuro_net.1._gate.mlp.2.weight - torch.Size([64, 128])
  backbone.neuro_net.1._gate.mlp.2.bias - torch.Size([64])
  backbone.neuro_net.1._gate.mlp.4.weight - torch.Size([3, 64])
  backbone.neuro_net.1._gate.mlp.4.bias - torch.Size([3])
  backbone.neuro_net.2.shift_net.rgb_proj.0.weight - torch.Size([768, 768])
  backbone.neuro_net.2.shift_net.rgb_proj.0.bias - torch.Size([768])
  backbone.neuro_net.2.shift_net.rgb_proj.2.weight - torch.Size([768, 768])
  backbone.neuro_net.2.shift_net.rgb_proj.2.bias - torch.Size([768])
  backbone.neuro_net.2.shift_net.tir_proj.0.weight - torch.Size([768, 768])
  backbone.neuro_net.2.shift_net.tir_proj.0.bias - torch.Size([768])
  backbone.neuro_net.2.shift_net.tir_proj.2.weight - torch.Size([768, 768])
  backbone.neuro_net.2.shift_net.tir_proj.2.bias - torch.Size([768])
  backbone.neuro_net.2.shift_net.norm1.weight - torch.Size([768])
  backbone.neuro_net.2.shift_net.norm1.bias - torch.Size([768])
  backbone.neuro_net.2.shift_net.refiner.0.weight - torch.Size([8, 1, 3, 3])
  backbone.neuro_net.2.shift_net.refiner.0.bias - torch.Size([8])
  backbone.neuro_net.2.shift_net.refiner.2.weight - torch.Size([16, 8, 3, 3])
  backbone.neuro_net.2.shift_net.refiner.2.bias - torch.Size([16])
  backbone.neuro_net.2.shift_net.refiner.6.weight - torch.Size([5, 16])
  backbone.neuro_net.2.shift_net.refiner.6.bias - torch.Size([5])
  backbone.neuro_net.2.scale_net.alpha1 - torch.Size([])
  backbone.neuro_net.2.scale_net.alpha2 - torch.Size([])
  backbone.neuro_net.2.scale_net.rgb_proj.weight - torch.Size([768, 768])
  backbone.neuro_net.2.scale_net.tir_proj.weight - torch.Size([768, 768])
  backbone.neuro_net.2.scale_net.band_gate_rgb.mlp.0.weight - torch.Size([1024, 1536])
  backbone.neuro_net.2.scale_net.band_gate_rgb.mlp.0.bias - torch.Size([1024])
  backbone.neuro_net.2.scale_net.band_gate_rgb.mlp.2.weight - torch.Size([2, 1024])
  backbone.neuro_net.2.scale_net.band_gate_rgb.mlp.2.bias - torch.Size([2])
  backbone.neuro_net.2.scale_net.band_gate_tir.mlp.0.weight - torch.Size([1024, 1536])
  backbone.neuro_net.2.scale_net.band_gate_tir.mlp.0.bias - torch.Size([1024])
  backbone.neuro_net.2.scale_net.band_gate_tir.mlp.2.weight - torch.Size([2, 1024])
  backbone.neuro_net.2.scale_net.band_gate_tir.mlp.2.bias - torch.Size([2])
  backbone.neuro_net.2.scale_net.norm1.weight - torch.Size([768])
  backbone.neuro_net.2.scale_net.norm1.bias - torch.Size([768])
  backbone.neuro_net.2.scale_net.conv_head.blocks.0.0.weight - torch.Size([64, 1, 3, 3])
  backbone.neuro_net.2.scale_net.conv_head.blocks.0.0.bias - torch.Size([64])
  backbone.neuro_net.2.scale_net.conv_head.blocks.0.2.weight - torch.Size([64, 64, 3, 3])
  backbone.neuro_net.2.scale_net.conv_head.blocks.0.2.bias - torch.Size([64])
  backbone.neuro_net.2.scale_net.conv_head.blocks.1.0.weight - torch.Size([64, 1, 3, 3])
  backbone.neuro_net.2.scale_net.conv_head.blocks.1.0.bias - torch.Size([64])
  backbone.neuro_net.2.scale_net.conv_head.blocks.1.2.weight - torch.Size([64, 64, 3, 3])
  backbone.neuro_net.2.scale_net.conv_head.blocks.1.2.bias - torch.Size([64])
  backbone.neuro_net.2.scale_net.conv_head.blocks.2.0.weight - torch.Size([64, 1, 3, 3])
  backbone.neuro_net.2.scale_net.conv_head.blocks.2.0.bias - torch.Size([64])
  backbone.neuro_net.2.scale_net.conv_head.blocks.2.2.weight - torch.Size([64, 64, 3, 3])
  backbone.neuro_net.2.scale_net.conv_head.blocks.2.2.bias - torch.Size([64])
  backbone.neuro_net.2.scale_net.conv_head.fuse.0.weight - torch.Size([64, 192, 1, 1])
  backbone.neuro_net.2.scale_net.conv_head.fuse.0.bias - torch.Size([64])
  backbone.neuro_net.2.scale_net.conv_head.head.weight - torch.Size([5, 64])
  backbone.neuro_net.2.scale_net.conv_head.head.bias - torch.Size([5])
  backbone.neuro_net.2.warp_net.backbone.enc_blocks.0.pw1.conv.weight - torch.Size([32, 768, 1, 1])
  backbone.neuro_net.2.warp_net.backbone.enc_blocks.0.pw1.bn.weight - torch.Size([32])
  backbone.neuro_net.2.warp_net.backbone.enc_blocks.0.pw1.bn.bias - torch.Size([32])
  backbone.neuro_net.2.warp_net.backbone.enc_blocks.0.dw_chain.0.conv.weight - torch.Size([16, 1, 3, 3])
  backbone.neuro_net.2.warp_net.backbone.enc_blocks.0.dw_chain.0.bn.weight - torch.Size([16])
  backbone.neuro_net.2.warp_net.backbone.enc_blocks.0.dw_chain.0.bn.bias - torch.Size([16])
  backbone.neuro_net.2.warp_net.backbone.enc_blocks.0.dw_chain.1.conv.weight - torch.Size([16, 1, 3, 3])
  backbone.neuro_net.2.warp_net.backbone.enc_blocks.0.dw_chain.1.bn.weight - torch.Size([16])
  backbone.neuro_net.2.warp_net.backbone.enc_blocks.0.dw_chain.1.bn.bias - torch.Size([16])
  backbone.neuro_net.2.warp_net.backbone.enc_blocks.0.dw_chain.2.conv.weight - torch.Size([16, 1, 3, 3])
  backbone.neuro_net.2.warp_net.backbone.enc_blocks.0.dw_chain.2.bn.weight - torch.Size([16])
  backbone.neuro_net.2.warp_net.backbone.enc_blocks.0.dw_chain.2.bn.bias - torch.Size([16])
  backbone.neuro_net.2.warp_net.backbone.enc_blocks.0.dw_chain.3.conv.weight - torch.Size([16, 1, 3, 3])
  backbone.neuro_net.2.warp_net.backbone.enc_blocks.0.dw_chain.3.bn.weight - torch.Size([16])
  backbone.neuro_net.2.warp_net.backbone.enc_blocks.0.dw_chain.3.bn.bias - torch.Size([16])
  backbone.neuro_net.2.warp_net.backbone.enc_blocks.0.dw_chain.4.conv.weight - torch.Size([16, 1, 3, 3])
  backbone.neuro_net.2.warp_net.backbone.enc_blocks.0.dw_chain.4.bn.weight - torch.Size([16])
  backbone.neuro_net.2.warp_net.backbone.enc_blocks.0.dw_chain.4.bn.bias - torch.Size([16])
  backbone.neuro_net.2.warp_net.backbone.enc_blocks.0.dw_chain.5.conv.weight - torch.Size([16, 1, 3, 3])
  backbone.neuro_net.2.warp_net.backbone.enc_blocks.0.dw_chain.5.bn.weight - torch.Size([16])
  backbone.neuro_net.2.warp_net.backbone.enc_blocks.0.dw_chain.5.bn.bias - torch.Size([16])
  backbone.neuro_net.2.warp_net.backbone.enc_blocks.0.dw_chain.6.conv.weight - torch.Size([16, 1, 3, 3])
  backbone.neuro_net.2.warp_net.backbone.enc_blocks.0.dw_chain.6.bn.weight - torch.Size([16])
  backbone.neuro_net.2.warp_net.backbone.enc_blocks.0.dw_chain.6.bn.bias - torch.Size([16])
  backbone.neuro_net.2.warp_net.backbone.enc_blocks.0.pw2.conv.weight - torch.Size([256, 128, 1, 1])
  backbone.neuro_net.2.warp_net.backbone.enc_blocks.0.pw2.bn.weight - torch.Size([256])
  backbone.neuro_net.2.warp_net.backbone.enc_blocks.0.pw2.bn.bias - torch.Size([256])
  backbone.neuro_net.2.warp_net.backbone.enc_blocks.1.pw1.conv.weight - torch.Size([64, 256, 1, 1])
  backbone.neuro_net.2.warp_net.backbone.enc_blocks.1.pw1.bn.weight - torch.Size([64])
  backbone.neuro_net.2.warp_net.backbone.enc_blocks.1.pw1.bn.bias - torch.Size([64])
  backbone.neuro_net.2.warp_net.backbone.enc_blocks.1.dw_chain.0.conv.weight - torch.Size([32, 1, 3, 3])
  backbone.neuro_net.2.warp_net.backbone.enc_blocks.1.dw_chain.0.bn.weight - torch.Size([32])
  backbone.neuro_net.2.warp_net.backbone.enc_blocks.1.dw_chain.0.bn.bias - torch.Size([32])
  backbone.neuro_net.2.warp_net.backbone.enc_blocks.1.dw_chain.1.conv.weight - torch.Size([32, 1, 3, 3])
  backbone.neuro_net.2.warp_net.backbone.enc_blocks.1.dw_chain.1.bn.weight - torch.Size([32])
  backbone.neuro_net.2.warp_net.backbone.enc_blocks.1.dw_chain.1.bn.bias - torch.Size([32])
  backbone.neuro_net.2.warp_net.backbone.enc_blocks.1.dw_chain.2.conv.weight - torch.Size([32, 1, 3, 3])
  backbone.neuro_net.2.warp_net.backbone.enc_blocks.1.dw_chain.2.bn.weight - torch.Size([32])
  backbone.neuro_net.2.warp_net.backbone.enc_blocks.1.dw_chain.2.bn.bias - torch.Size([32])
  backbone.neuro_net.2.warp_net.backbone.enc_blocks.1.dw_chain.3.conv.weight - torch.Size([32, 1, 3, 3])
  backbone.neuro_net.2.warp_net.backbone.enc_blocks.1.dw_chain.3.bn.weight - torch.Size([32])
  backbone.neuro_net.2.warp_net.backbone.enc_blocks.1.dw_chain.3.bn.bias - torch.Size([32])
  backbone.neuro_net.2.warp_net.backbone.enc_blocks.1.dw_chain.4.conv.weight - torch.Size([32, 1, 3, 3])
  backbone.neuro_net.2.warp_net.backbone.enc_blocks.1.dw_chain.4.bn.weight - torch.Size([32])
  backbone.neuro_net.2.warp_net.backbone.enc_blocks.1.dw_chain.4.bn.bias - torch.Size([32])
  backbone.neuro_net.2.warp_net.backbone.enc_blocks.1.dw_chain.5.conv.weight - torch.Size([32, 1, 3, 3])
  backbone.neuro_net.2.warp_net.backbone.enc_blocks.1.dw_chain.5.bn.weight - torch.Size([32])
  backbone.neuro_net.2.warp_net.backbone.enc_blocks.1.dw_chain.5.bn.bias - torch.Size([32])
  backbone.neuro_net.2.warp_net.backbone.enc_blocks.1.dw_chain.6.conv.weight - torch.Size([32, 1, 3, 3])
  backbone.neuro_net.2.warp_net.backbone.enc_blocks.1.dw_chain.6.bn.weight - torch.Size([32])
  backbone.neuro_net.2.warp_net.backbone.enc_blocks.1.dw_chain.6.bn.bias - torch.Size([32])
  backbone.neuro_net.2.warp_net.backbone.enc_blocks.1.pw2.conv.weight - torch.Size([512, 256, 1, 1])
  backbone.neuro_net.2.warp_net.backbone.enc_blocks.1.pw2.bn.weight - torch.Size([512])
  backbone.neuro_net.2.warp_net.backbone.enc_blocks.1.pw2.bn.bias - torch.Size([512])
  backbone.neuro_net.2.warp_net.backbone.enc_blocks.2.pw1.conv.weight - torch.Size([128, 512, 1, 1])
  backbone.neuro_net.2.warp_net.backbone.enc_blocks.2.pw1.bn.weight - torch.Size([128])
  backbone.neuro_net.2.warp_net.backbone.enc_blocks.2.pw1.bn.bias - torch.Size([128])
  backbone.neuro_net.2.warp_net.backbone.enc_blocks.2.dw_chain.0.conv.weight - torch.Size([64, 1, 3, 3])
  backbone.neuro_net.2.warp_net.backbone.enc_blocks.2.dw_chain.0.bn.weight - torch.Size([64])
  backbone.neuro_net.2.warp_net.backbone.enc_blocks.2.dw_chain.0.bn.bias - torch.Size([64])
  backbone.neuro_net.2.warp_net.backbone.enc_blocks.2.dw_chain.1.conv.weight - torch.Size([64, 1, 3, 3])
  backbone.neuro_net.2.warp_net.backbone.enc_blocks.2.dw_chain.1.bn.weight - torch.Size([64])
  backbone.neuro_net.2.warp_net.backbone.enc_blocks.2.dw_chain.1.bn.bias - torch.Size([64])
  backbone.neuro_net.2.warp_net.backbone.enc_blocks.2.dw_chain.2.conv.weight - torch.Size([64, 1, 3, 3])
  backbone.neuro_net.2.warp_net.backbone.enc_blocks.2.dw_chain.2.bn.weight - torch.Size([64])
  backbone.neuro_net.2.warp_net.backbone.enc_blocks.2.dw_chain.2.bn.bias - torch.Size([64])
  backbone.neuro_net.2.warp_net.backbone.enc_blocks.2.dw_chain.3.conv.weight - torch.Size([64, 1, 3, 3])
  backbone.neuro_net.2.warp_net.backbone.enc_blocks.2.dw_chain.3.bn.weight - torch.Size([64])
  backbone.neuro_net.2.warp_net.backbone.enc_blocks.2.dw_chain.3.bn.bias - torch.Size([64])
  backbone.neuro_net.2.warp_net.backbone.enc_blocks.2.dw_chain.4.conv.weight - torch.Size([64, 1, 3, 3])
  backbone.neuro_net.2.warp_net.backbone.enc_blocks.2.dw_chain.4.bn.weight - torch.Size([64])
  backbone.neuro_net.2.warp_net.backbone.enc_blocks.2.dw_chain.4.bn.bias - torch.Size([64])
  backbone.neuro_net.2.warp_net.backbone.enc_blocks.2.dw_chain.5.conv.weight - torch.Size([64, 1, 3, 3])
  backbone.neuro_net.2.warp_net.backbone.enc_blocks.2.dw_chain.5.bn.weight - torch.Size([64])
  backbone.neuro_net.2.warp_net.backbone.enc_blocks.2.dw_chain.5.bn.bias - torch.Size([64])
  backbone.neuro_net.2.warp_net.backbone.enc_blocks.2.dw_chain.6.conv.weight - torch.Size([64, 1, 3, 3])
  backbone.neuro_net.2.warp_net.backbone.enc_blocks.2.dw_chain.6.bn.weight - torch.Size([64])
  backbone.neuro_net.2.warp_net.backbone.enc_blocks.2.dw_chain.6.bn.bias - torch.Size([64])
  backbone.neuro_net.2.warp_net.backbone.enc_blocks.2.pw2.conv.weight - torch.Size([1024, 512, 1, 1])
  backbone.neuro_net.2.warp_net.backbone.enc_blocks.2.pw2.bn.weight - torch.Size([1024])
  backbone.neuro_net.2.warp_net.backbone.enc_blocks.2.pw2.bn.bias - torch.Size([1024])
  backbone.neuro_net.2.warp_net.backbone.enc_blocks.3.pw1.conv.weight - torch.Size([256, 1024, 1, 1])
  backbone.neuro_net.2.warp_net.backbone.enc_blocks.3.pw1.bn.weight - torch.Size([256])
  backbone.neuro_net.2.warp_net.backbone.enc_blocks.3.pw1.bn.bias - torch.Size([256])
  backbone.neuro_net.2.warp_net.backbone.enc_blocks.3.dw_chain.0.conv.weight - torch.Size([128, 1, 3, 3])
  backbone.neuro_net.2.warp_net.backbone.enc_blocks.3.dw_chain.0.bn.weight - torch.Size([128])
  backbone.neuro_net.2.warp_net.backbone.enc_blocks.3.dw_chain.0.bn.bias - torch.Size([128])
  backbone.neuro_net.2.warp_net.backbone.enc_blocks.3.dw_chain.1.conv.weight - torch.Size([128, 1, 3, 3])
  backbone.neuro_net.2.warp_net.backbone.enc_blocks.3.dw_chain.1.bn.weight - torch.Size([128])
  backbone.neuro_net.2.warp_net.backbone.enc_blocks.3.dw_chain.1.bn.bias - torch.Size([128])
  backbone.neuro_net.2.warp_net.backbone.enc_blocks.3.dw_chain.2.conv.weight - torch.Size([128, 1, 3, 3])
  backbone.neuro_net.2.warp_net.backbone.enc_blocks.3.dw_chain.2.bn.weight - torch.Size([128])
  backbone.neuro_net.2.warp_net.backbone.enc_blocks.3.dw_chain.2.bn.bias - torch.Size([128])
  backbone.neuro_net.2.warp_net.backbone.enc_blocks.3.dw_chain.3.conv.weight - torch.Size([128, 1, 3, 3])
  backbone.neuro_net.2.warp_net.backbone.enc_blocks.3.dw_chain.3.bn.weight - torch.Size([128])
  backbone.neuro_net.2.warp_net.backbone.enc_blocks.3.dw_chain.3.bn.bias - torch.Size([128])
  backbone.neuro_net.2.warp_net.backbone.enc_blocks.3.dw_chain.4.conv.weight - torch.Size([128, 1, 3, 3])
  backbone.neuro_net.2.warp_net.backbone.enc_blocks.3.dw_chain.4.bn.weight - torch.Size([128])
  backbone.neuro_net.2.warp_net.backbone.enc_blocks.3.dw_chain.4.bn.bias - torch.Size([128])
  backbone.neuro_net.2.warp_net.backbone.enc_blocks.3.dw_chain.5.conv.weight - torch.Size([128, 1, 3, 3])
  backbone.neuro_net.2.warp_net.backbone.enc_blocks.3.dw_chain.5.bn.weight - torch.Size([128])
  backbone.neuro_net.2.warp_net.backbone.enc_blocks.3.dw_chain.5.bn.bias - torch.Size([128])
  backbone.neuro_net.2.warp_net.backbone.enc_blocks.3.dw_chain.6.conv.weight - torch.Size([128, 1, 3, 3])
  backbone.neuro_net.2.warp_net.backbone.enc_blocks.3.dw_chain.6.bn.weight - torch.Size([128])
  backbone.neuro_net.2.warp_net.backbone.enc_blocks.3.dw_chain.6.bn.bias - torch.Size([128])
  backbone.neuro_net.2.warp_net.backbone.enc_blocks.3.pw2.conv.weight - torch.Size([2048, 1024, 1, 1])
  backbone.neuro_net.2.warp_net.backbone.enc_blocks.3.pw2.bn.weight - torch.Size([2048])
  backbone.neuro_net.2.warp_net.backbone.enc_blocks.3.pw2.bn.bias - torch.Size([2048])
  backbone.neuro_net.2.warp_net.backbone.bottleneck.pw1.conv.weight - torch.Size([256, 2048, 1, 1])
  backbone.neuro_net.2.warp_net.backbone.bottleneck.pw1.bn.weight - torch.Size([256])
  backbone.neuro_net.2.warp_net.backbone.bottleneck.pw1.bn.bias - torch.Size([256])
  backbone.neuro_net.2.warp_net.backbone.bottleneck.dw_chain.0.conv.weight - torch.Size([128, 1, 3, 3])
  backbone.neuro_net.2.warp_net.backbone.bottleneck.dw_chain.0.bn.weight - torch.Size([128])
  backbone.neuro_net.2.warp_net.backbone.bottleneck.dw_chain.0.bn.bias - torch.Size([128])
  backbone.neuro_net.2.warp_net.backbone.bottleneck.dw_chain.1.conv.weight - torch.Size([128, 1, 3, 3])
  backbone.neuro_net.2.warp_net.backbone.bottleneck.dw_chain.1.bn.weight - torch.Size([128])
  backbone.neuro_net.2.warp_net.backbone.bottleneck.dw_chain.1.bn.bias - torch.Size([128])
  backbone.neuro_net.2.warp_net.backbone.bottleneck.dw_chain.2.conv.weight - torch.Size([128, 1, 3, 3])
  backbone.neuro_net.2.warp_net.backbone.bottleneck.dw_chain.2.bn.weight - torch.Size([128])
  backbone.neuro_net.2.warp_net.backbone.bottleneck.dw_chain.2.bn.bias - torch.Size([128])
  backbone.neuro_net.2.warp_net.backbone.bottleneck.dw_chain.3.conv.weight - torch.Size([128, 1, 3, 3])
  backbone.neuro_net.2.warp_net.backbone.bottleneck.dw_chain.3.bn.weight - torch.Size([128])
  backbone.neuro_net.2.warp_net.backbone.bottleneck.dw_chain.3.bn.bias - torch.Size([128])
  backbone.neuro_net.2.warp_net.backbone.bottleneck.dw_chain.4.conv.weight - torch.Size([128, 1, 3, 3])
  backbone.neuro_net.2.warp_net.backbone.bottleneck.dw_chain.4.bn.weight - torch.Size([128])
  backbone.neuro_net.2.warp_net.backbone.bottleneck.dw_chain.4.bn.bias - torch.Size([128])
  backbone.neuro_net.2.warp_net.backbone.bottleneck.dw_chain.5.conv.weight - torch.Size([128, 1, 3, 3])
  backbone.neuro_net.2.warp_net.backbone.bottleneck.dw_chain.5.bn.weight - torch.Size([128])
  backbone.neuro_net.2.warp_net.backbone.bottleneck.dw_chain.5.bn.bias - torch.Size([128])
  backbone.neuro_net.2.warp_net.backbone.bottleneck.dw_chain.6.conv.weight - torch.Size([128, 1, 3, 3])
  backbone.neuro_net.2.warp_net.backbone.bottleneck.dw_chain.6.bn.weight - torch.Size([128])
  backbone.neuro_net.2.warp_net.backbone.bottleneck.dw_chain.6.bn.bias - torch.Size([128])
  backbone.neuro_net.2.warp_net.backbone.bottleneck.pw2.conv.weight - torch.Size([2048, 1024, 1, 1])
  backbone.neuro_net.2.warp_net.backbone.bottleneck.pw2.bn.weight - torch.Size([2048])
  backbone.neuro_net.2.warp_net.backbone.bottleneck.pw2.bn.bias - torch.Size([2048])
  backbone.neuro_net.2.warp_net.backbone.dec_blocks.0.pw1.conv.weight - torch.Size([256, 4096, 1, 1])
  backbone.neuro_net.2.warp_net.backbone.dec_blocks.0.pw1.bn.weight - torch.Size([256])
  backbone.neuro_net.2.warp_net.backbone.dec_blocks.0.pw1.bn.bias - torch.Size([256])
  backbone.neuro_net.2.warp_net.backbone.dec_blocks.0.dw_chain.0.conv.weight - torch.Size([128, 1, 3, 3])
  backbone.neuro_net.2.warp_net.backbone.dec_blocks.0.dw_chain.0.bn.weight - torch.Size([128])
  backbone.neuro_net.2.warp_net.backbone.dec_blocks.0.dw_chain.0.bn.bias - torch.Size([128])
  backbone.neuro_net.2.warp_net.backbone.dec_blocks.0.dw_chain.1.conv.weight - torch.Size([128, 1, 3, 3])
  backbone.neuro_net.2.warp_net.backbone.dec_blocks.0.dw_chain.1.bn.weight - torch.Size([128])
  backbone.neuro_net.2.warp_net.backbone.dec_blocks.0.dw_chain.1.bn.bias - torch.Size([128])
  backbone.neuro_net.2.warp_net.backbone.dec_blocks.0.dw_chain.2.conv.weight - torch.Size([128, 1, 3, 3])
  backbone.neuro_net.2.warp_net.backbone.dec_blocks.0.dw_chain.2.bn.weight - torch.Size([128])
  backbone.neuro_net.2.warp_net.backbone.dec_blocks.0.dw_chain.2.bn.bias - torch.Size([128])
  backbone.neuro_net.2.warp_net.backbone.dec_blocks.0.dw_chain.3.conv.weight - torch.Size([128, 1, 3, 3])
  backbone.neuro_net.2.warp_net.backbone.dec_blocks.0.dw_chain.3.bn.weight - torch.Size([128])
  backbone.neuro_net.2.warp_net.backbone.dec_blocks.0.dw_chain.3.bn.bias - torch.Size([128])
  backbone.neuro_net.2.warp_net.backbone.dec_blocks.0.dw_chain.4.conv.weight - torch.Size([128, 1, 3, 3])
  backbone.neuro_net.2.warp_net.backbone.dec_blocks.0.dw_chain.4.bn.weight - torch.Size([128])
  backbone.neuro_net.2.warp_net.backbone.dec_blocks.0.dw_chain.4.bn.bias - torch.Size([128])
  backbone.neuro_net.2.warp_net.backbone.dec_blocks.0.dw_chain.5.conv.weight - torch.Size([128, 1, 3, 3])
  backbone.neuro_net.2.warp_net.backbone.dec_blocks.0.dw_chain.5.bn.weight - torch.Size([128])
  backbone.neuro_net.2.warp_net.backbone.dec_blocks.0.dw_chain.5.bn.bias - torch.Size([128])
  backbone.neuro_net.2.warp_net.backbone.dec_blocks.0.dw_chain.6.conv.weight - torch.Size([128, 1, 3, 3])
  backbone.neuro_net.2.warp_net.backbone.dec_blocks.0.dw_chain.6.bn.weight - torch.Size([128])
  backbone.neuro_net.2.warp_net.backbone.dec_blocks.0.dw_chain.6.bn.bias - torch.Size([128])
  backbone.neuro_net.2.warp_net.backbone.dec_blocks.0.pw2.conv.weight - torch.Size([2048, 1024, 1, 1])
  backbone.neuro_net.2.warp_net.backbone.dec_blocks.0.pw2.bn.weight - torch.Size([2048])
  backbone.neuro_net.2.warp_net.backbone.dec_blocks.0.pw2.bn.bias - torch.Size([2048])
  backbone.neuro_net.2.warp_net.backbone.dec_blocks.1.pw1.conv.weight - torch.Size([128, 3072, 1, 1])
  backbone.neuro_net.2.warp_net.backbone.dec_blocks.1.pw1.bn.weight - torch.Size([128])
  backbone.neuro_net.2.warp_net.backbone.dec_blocks.1.pw1.bn.bias - torch.Size([128])
  backbone.neuro_net.2.warp_net.backbone.dec_blocks.1.dw_chain.0.conv.weight - torch.Size([64, 1, 3, 3])
  backbone.neuro_net.2.warp_net.backbone.dec_blocks.1.dw_chain.0.bn.weight - torch.Size([64])
  backbone.neuro_net.2.warp_net.backbone.dec_blocks.1.dw_chain.0.bn.bias - torch.Size([64])
  backbone.neuro_net.2.warp_net.backbone.dec_blocks.1.dw_chain.1.conv.weight - torch.Size([64, 1, 3, 3])
  backbone.neuro_net.2.warp_net.backbone.dec_blocks.1.dw_chain.1.bn.weight - torch.Size([64])
  backbone.neuro_net.2.warp_net.backbone.dec_blocks.1.dw_chain.1.bn.bias - torch.Size([64])
  backbone.neuro_net.2.warp_net.backbone.dec_blocks.1.dw_chain.2.conv.weight - torch.Size([64, 1, 3, 3])
  backbone.neuro_net.2.warp_net.backbone.dec_blocks.1.dw_chain.2.bn.weight - torch.Size([64])
  backbone.neuro_net.2.warp_net.backbone.dec_blocks.1.dw_chain.2.bn.bias - torch.Size([64])
  backbone.neuro_net.2.warp_net.backbone.dec_blocks.1.dw_chain.3.conv.weight - torch.Size([64, 1, 3, 3])
  backbone.neuro_net.2.warp_net.backbone.dec_blocks.1.dw_chain.3.bn.weight - torch.Size([64])
  backbone.neuro_net.2.warp_net.backbone.dec_blocks.1.dw_chain.3.bn.bias - torch.Size([64])
  backbone.neuro_net.2.warp_net.backbone.dec_blocks.1.dw_chain.4.conv.weight - torch.Size([64, 1, 3, 3])
  backbone.neuro_net.2.warp_net.backbone.dec_blocks.1.dw_chain.4.bn.weight - torch.Size([64])
  backbone.neuro_net.2.warp_net.backbone.dec_blocks.1.dw_chain.4.bn.bias - torch.Size([64])
  backbone.neuro_net.2.warp_net.backbone.dec_blocks.1.dw_chain.5.conv.weight - torch.Size([64, 1, 3, 3])
  backbone.neuro_net.2.warp_net.backbone.dec_blocks.1.dw_chain.5.bn.weight - torch.Size([64])
  backbone.neuro_net.2.warp_net.backbone.dec_blocks.1.dw_chain.5.bn.bias - torch.Size([64])
  backbone.neuro_net.2.warp_net.backbone.dec_blocks.1.dw_chain.6.conv.weight - torch.Size([64, 1, 3, 3])
  backbone.neuro_net.2.warp_net.backbone.dec_blocks.1.dw_chain.6.bn.weight - torch.Size([64])
  backbone.neuro_net.2.warp_net.backbone.dec_blocks.1.dw_chain.6.bn.bias - torch.Size([64])
  backbone.neuro_net.2.warp_net.backbone.dec_blocks.1.pw2.conv.weight - torch.Size([1024, 512, 1, 1])
  backbone.neuro_net.2.warp_net.backbone.dec_blocks.1.pw2.bn.weight - torch.Size([1024])
  backbone.neuro_net.2.warp_net.backbone.dec_blocks.1.pw2.bn.bias - torch.Size([1024])
  backbone.neuro_net.2.warp_net.backbone.dec_blocks.2.pw1.conv.weight - torch.Size([64, 1536, 1, 1])
  backbone.neuro_net.2.warp_net.backbone.dec_blocks.2.pw1.bn.weight - torch.Size([64])
  backbone.neuro_net.2.warp_net.backbone.dec_blocks.2.pw1.bn.bias - torch.Size([64])
  backbone.neuro_net.2.warp_net.backbone.dec_blocks.2.dw_chain.0.conv.weight - torch.Size([32, 1, 3, 3])
  backbone.neuro_net.2.warp_net.backbone.dec_blocks.2.dw_chain.0.bn.weight - torch.Size([32])
  backbone.neuro_net.2.warp_net.backbone.dec_blocks.2.dw_chain.0.bn.bias - torch.Size([32])
  backbone.neuro_net.2.warp_net.backbone.dec_blocks.2.dw_chain.1.conv.weight - torch.Size([32, 1, 3, 3])
  backbone.neuro_net.2.warp_net.backbone.dec_blocks.2.dw_chain.1.bn.weight - torch.Size([32])
  backbone.neuro_net.2.warp_net.backbone.dec_blocks.2.dw_chain.1.bn.bias - torch.Size([32])
  backbone.neuro_net.2.warp_net.backbone.dec_blocks.2.dw_chain.2.conv.weight - torch.Size([32, 1, 3, 3])
  backbone.neuro_net.2.warp_net.backbone.dec_blocks.2.dw_chain.2.bn.weight - torch.Size([32])
  backbone.neuro_net.2.warp_net.backbone.dec_blocks.2.dw_chain.2.bn.bias - torch.Size([32])
  backbone.neuro_net.2.warp_net.backbone.dec_blocks.2.dw_chain.3.conv.weight - torch.Size([32, 1, 3, 3])
  backbone.neuro_net.2.warp_net.backbone.dec_blocks.2.dw_chain.3.bn.weight - torch.Size([32])
  backbone.neuro_net.2.warp_net.backbone.dec_blocks.2.dw_chain.3.bn.bias - torch.Size([32])
  backbone.neuro_net.2.warp_net.backbone.dec_blocks.2.dw_chain.4.conv.weight - torch.Size([32, 1, 3, 3])
  backbone.neuro_net.2.warp_net.backbone.dec_blocks.2.dw_chain.4.bn.weight - torch.Size([32])
  backbone.neuro_net.2.warp_net.backbone.dec_blocks.2.dw_chain.4.bn.bias - torch.Size([32])
  backbone.neuro_net.2.warp_net.backbone.dec_blocks.2.dw_chain.5.conv.weight - torch.Size([32, 1, 3, 3])
  backbone.neuro_net.2.warp_net.backbone.dec_blocks.2.dw_chain.5.bn.weight - torch.Size([32])
  backbone.neuro_net.2.warp_net.backbone.dec_blocks.2.dw_chain.5.bn.bias - torch.Size([32])
  backbone.neuro_net.2.warp_net.backbone.dec_blocks.2.dw_chain.6.conv.weight - torch.Size([32, 1, 3, 3])
  backbone.neuro_net.2.warp_net.backbone.dec_blocks.2.dw_chain.6.bn.weight - torch.Size([32])
  backbone.neuro_net.2.warp_net.backbone.dec_blocks.2.dw_chain.6.bn.bias - torch.Size([32])
  backbone.neuro_net.2.warp_net.backbone.dec_blocks.2.pw2.conv.weight - torch.Size([512, 256, 1, 1])
  backbone.neuro_net.2.warp_net.backbone.dec_blocks.2.pw2.bn.weight - torch.Size([512])
  backbone.neuro_net.2.warp_net.backbone.dec_blocks.2.pw2.bn.bias - torch.Size([512])
  backbone.neuro_net.2.warp_net.backbone.dec_blocks.3.pw1.conv.weight - torch.Size([32, 768, 1, 1])
  backbone.neuro_net.2.warp_net.backbone.dec_blocks.3.pw1.bn.weight - torch.Size([32])
  backbone.neuro_net.2.warp_net.backbone.dec_blocks.3.pw1.bn.bias - torch.Size([32])
  backbone.neuro_net.2.warp_net.backbone.dec_blocks.3.dw_chain.0.conv.weight - torch.Size([16, 1, 3, 3])
  backbone.neuro_net.2.warp_net.backbone.dec_blocks.3.dw_chain.0.bn.weight - torch.Size([16])
  backbone.neuro_net.2.warp_net.backbone.dec_blocks.3.dw_chain.0.bn.bias - torch.Size([16])
  backbone.neuro_net.2.warp_net.backbone.dec_blocks.3.dw_chain.1.conv.weight - torch.Size([16, 1, 3, 3])
  backbone.neuro_net.2.warp_net.backbone.dec_blocks.3.dw_chain.1.bn.weight - torch.Size([16])
  backbone.neuro_net.2.warp_net.backbone.dec_blocks.3.dw_chain.1.bn.bias - torch.Size([16])
  backbone.neuro_net.2.warp_net.backbone.dec_blocks.3.dw_chain.2.conv.weight - torch.Size([16, 1, 3, 3])
  backbone.neuro_net.2.warp_net.backbone.dec_blocks.3.dw_chain.2.bn.weight - torch.Size([16])
  backbone.neuro_net.2.warp_net.backbone.dec_blocks.3.dw_chain.2.bn.bias - torch.Size([16])
  backbone.neuro_net.2.warp_net.backbone.dec_blocks.3.dw_chain.3.conv.weight - torch.Size([16, 1, 3, 3])
  backbone.neuro_net.2.warp_net.backbone.dec_blocks.3.dw_chain.3.bn.weight - torch.Size([16])
  backbone.neuro_net.2.warp_net.backbone.dec_blocks.3.dw_chain.3.bn.bias - torch.Size([16])
  backbone.neuro_net.2.warp_net.backbone.dec_blocks.3.dw_chain.4.conv.weight - torch.Size([16, 1, 3, 3])
  backbone.neuro_net.2.warp_net.backbone.dec_blocks.3.dw_chain.4.bn.weight - torch.Size([16])
  backbone.neuro_net.2.warp_net.backbone.dec_blocks.3.dw_chain.4.bn.bias - torch.Size([16])
  backbone.neuro_net.2.warp_net.backbone.dec_blocks.3.dw_chain.5.conv.weight - torch.Size([16, 1, 3, 3])
  backbone.neuro_net.2.warp_net.backbone.dec_blocks.3.dw_chain.5.bn.weight - torch.Size([16])
  backbone.neuro_net.2.warp_net.backbone.dec_blocks.3.dw_chain.5.bn.bias - torch.Size([16])
  backbone.neuro_net.2.warp_net.backbone.dec_blocks.3.dw_chain.6.conv.weight - torch.Size([16, 1, 3, 3])
  backbone.neuro_net.2.warp_net.backbone.dec_blocks.3.dw_chain.6.bn.weight - torch.Size([16])
  backbone.neuro_net.2.warp_net.backbone.dec_blocks.3.dw_chain.6.bn.bias - torch.Size([16])
  backbone.neuro_net.2.warp_net.backbone.dec_blocks.3.pw2.conv.weight - torch.Size([256, 128, 1, 1])
  backbone.neuro_net.2.warp_net.backbone.dec_blocks.3.pw2.bn.weight - torch.Size([256])
  backbone.neuro_net.2.warp_net.backbone.dec_blocks.3.pw2.bn.bias - torch.Size([256])
  backbone.neuro_net.2.warp_net.backbone.head.conv.weight - torch.Size([768, 256, 1, 1])
  backbone.neuro_net.2.warp_net.backbone.head.bn.weight - torch.Size([768])
  backbone.neuro_net.2.warp_net.backbone.head.bn.bias - torch.Size([768])
  backbone.neuro_net.2.warp_net.global_blocks.0.norm1.weight - torch.Size([1536])
  backbone.neuro_net.2.warp_net.global_blocks.0.norm1.bias - torch.Size([1536])
  backbone.neuro_net.2.warp_net.global_blocks.0.attn.qkv.weight - torch.Size([4608, 1536])
  backbone.neuro_net.2.warp_net.global_blocks.0.attn.proj.weight - torch.Size([1536, 1536])
  backbone.neuro_net.2.warp_net.global_blocks.0.attn.proj.bias - torch.Size([1536])
  backbone.neuro_net.2.warp_net.global_blocks.0.norm2.weight - torch.Size([1536])
  backbone.neuro_net.2.warp_net.global_blocks.0.norm2.bias - torch.Size([1536])
  backbone.neuro_net.2.warp_net.global_blocks.0.mlp.0.weight - torch.Size([6144, 1536])
  backbone.neuro_net.2.warp_net.global_blocks.0.mlp.0.bias - torch.Size([6144])
  backbone.neuro_net.2.warp_net.global_blocks.0.mlp.3.weight - torch.Size([1536, 6144])
  backbone.neuro_net.2.warp_net.global_blocks.0.mlp.3.bias - torch.Size([1536])
  backbone.neuro_net.2.warp_net.regressor.2.weight - torch.Size([128, 1536])
  backbone.neuro_net.2.warp_net.regressor.2.bias - torch.Size([128])
  backbone.neuro_net.2.warp_net.regressor.4.weight - torch.Size([5, 128])
  backbone.neuro_net.2.warp_net.regressor.4.bias - torch.Size([5])
  backbone.neuro_net.2._gate.mlp.0.weight - torch.Size([128, 512])
  backbone.neuro_net.2._gate.mlp.0.bias - torch.Size([128])
  backbone.neuro_net.2._gate.mlp.2.weight - torch.Size([64, 128])
  backbone.neuro_net.2._gate.mlp.2.bias - torch.Size([64])
  backbone.neuro_net.2._gate.mlp.4.weight - torch.Size([3, 64])
  backbone.neuro_net.2._gate.mlp.4.bias - torch.Size([3])
checkpoints will be saved to /20TB/yanchengzhi/jinjiandong/Tracking/PMATrack/output/20260615_Refine/checkpoints
Training with multiple GPUs. checkpoints directory doesn't exist. Create checkpoints directory
No matching checkpoint file found
#####----fix bn-------#####
[train: 1, 50 / 30000] FPS: 2.4 (4.1)  ,  DataTime: 0.210 (0.016)  ,  ForwardTime: 0.601  ,  TotalTime: 0.827  ,  Loss/total: 7.77506  ,  Loss/giou: 0.28742  ,  Loss/l1: 0.02782  ,  Loss/location: 0.45259  ,  Loss/off: 0.41495  ,  Loss/scale: 0.16936  ,  Loss/off_exp: 0.28577  ,  Loss/scale_exp: 0.21251  ,  Loss/router: 0.56827  ,  Loss/loc: 495.76509  ,  IoU: 0.73990
